"","LarvalID","OtoPart","SiteName","Li.Ca","B.Ca","Na.Ca","Mg.Ca","Mg.Ca.1","Al.Ca","Si.Ca","K.Ca","Ca.Ca","Sc.Ca","Ti.Ca","V.Ca","Cr.Ca","Mn.Ca","Fe.Ca","Ni.Ca","Cu.Ca","Zn.Ca","Ga.Ca","Rb.Ca","Sr.Ca","Sr.Ca.1","Y.Ca","Ag.Ca","Sb.Ca","Ba.Ca","Ba.Ca.1","La.Ca","Ce.Ca","Nd.Ca","Er.Ca","Pb.Ca","Li","B","Na","Mg","Mg.1","Al","Si","K","Ca","Sc","Ti","V","Cr","Mn","Fe","Ni","Cu","Zn","Ga","Rb","Sr","Sr.1","Y","Ag","Sb","Ba","Ba.1","La","Ce","Nd","Er","Pb","Delta13C","Delta15N","CNRatio","Label"
"185","185","Core","Kambah Pool",1.1123535e-06,3.17889514285714e-05,0.0194637204285714,0.000299378785714286,0.000297731952380952,9.24812142857143e-06,0.00753409483333333,0.00354284480952381,1.07810380754762,3.34972023809524e-07,6.49351666666667e-07,1.24787411904762e-07,2.93138223809524e-06,6.71362838095238e-05,0.0001723641,7.51072071428571e-07,6.85104523809524e-07,7.76030404761905e-07,6.79357352380952e-07,1.08789921428571e-06,0.00159088485714286,0.00155320119047619,2.2665880952381e-09,9.19830714285714e-09,2.02043642857143e-08,1.10096492857143e-05,1.04687573809524e-05,1.99888809523810e-09,2.34961428571429e-09,2.62318333333333e-09,5.55148809523810e-09,6.84667142857143e-09,0.0770581953571429,3.43001543685714,4465.95594633333,72.6223959452381,72.2229239864286,2.49042792116667,2111.87007235714,1382.49623164286,431241.523021429,0.150296651214286,0.310220221833333,0.0634448607619048,1.52123747785714,36.8115878433333,96.0693975135714,0.439971686071429,0.434509337547619,0.5066059065,0.472746321476191,0.927993522547619,1391.22043512619,1358.26633421429,0.0020112070952381,0.0099027455,0.0245529563333333,15.0897907143571,14.3484496407143,0.00277116021428571,0.00328578038095238,0.00377631826190476,0.00926729157142857,0.0141586936428571,-24.29407465,17.22900366,3.228494234,"K2013117-185"
"186","186","Core","Kambah Pool",8.91088780487805e-07,3.27533373170732e-05,0.0196111218536585,0.000351106170731707,0.000362082146341463,1.0289156097561e-05,0.010845134804878,0.00373591914634146,0.990755423658537,3.69893263414634e-07,1.07250541463415e-06,1.87976707317073e-07,2.84766524390244e-06,7.39000026829268e-05,0.000213394702439024,5.36127682926829e-07,7.93125951219512e-07,8.22424756097561e-07,9.82568873170732e-07,1.17592258536585e-06,0.00152539904878049,0.00151283914634146,3.45123658536585e-09,9.84450487804878e-09,2.51901463414634e-08,1.01075585365854e-05,9.47683463414634e-06,1.79183414634146e-09,4.18260731707317e-09,1.02369414634146e-08,8.31475365853659e-09,1.13877097560976e-08,0.0617301289512195,3.53407168943902,4499.77724368293,85.1702853121951,87.83277935,2.77076895431707,3039.98236953415,1457.83807843902,396302.169443902,0.16596525297561,0.512377153780488,0.0955717914146341,1.47779322117073,40.5202241771951,118.938352650732,0.314058959365854,0.503019011243902,0.536893078560976,0.68374288502439,1.00307964026829,1333.95344048049,1322.96989063171,0.00306237746341463,0.0105984150243902,0.0306118160731707,13.8533920621951,12.9889262862927,0.00248411424390244,0.00584910017073171,0.0147370260731707,0.0138801143902439,0.0235494150731707,-24.42245914,17.43863586,3.146348976,"K2013117-186"
"187","187","Core","Kambah Pool",8.98779047619048e-07,2.27052474059524e-05,0.020390605047619,0.000269825404761905,0.000270595761904762,1.08982285714286e-05,0.0174713421428571,0.00358413345238095,0.989759031833333,4.19542619047619e-07,9.12561833333333e-07,1.72957885714286e-07,2.63634428571429e-06,0.000124726239047619,0.000219191204761905,8.1685569047619e-07,5.88576011904762e-07,8.26691476190476e-07,1.2411862047619e-06,1.03319154761905e-06,0.00150820504761905,0.00155762197619048,5.46627380952381e-09,2.28423880952381e-08,2.42329452380952e-08,8.83703e-06,8.92306833333333e-06,3.48420238095238e-09,1.42261476190476e-09,1.3586630952381e-08,3.57893809523810e-09,1.72763285714286e-08,0.0622628548571429,2.449887238,4678.62988764286,65.4534309707143,65.6403055428571,2.93478792852381,4897.36390848571,1398.60797307143,395903.612738095,0.188242101214286,0.435965887761905,0.0879358831190476,1.36812851266667,68.3888020243571,122.169071769286,0.478507510142857,0.373288665785714,0.539678368928571,0.863708162547619,0.881327359333333,1318.91737194762,1362.13220524286,0.00485037754761905,0.0245917188095238,0.0294486092619048,12.1120126956429,12.2299359153571,0.00483032454761905,0.00198943057142857,0.0195592035238095,0.0059744445,0.0357268657619048,-24.18494618,17.42943057,3.152389492,"K2013117-187"
"188","188","Core","Kambah Pool",9.3617487804878e-07,3.71281392682927e-05,0.0214896480243902,0.000274792951219512,0.000266354195121951,9.99246585365854e-06,0.0142207213902439,0.00363251068292683,0.996777791365854,4.94847804878049e-07,9.51188390243902e-07,1.93137185195122e-07,3.55075163414634e-06,5.99035607317073e-05,0.00021975756097561,7.84581365853659e-07,5.02885836585366e-07,8.7793043902439e-07,1.06638674878049e-06,1.00951226829268e-06,0.00143904243902439,0.00146641129268293,6.26100731707317e-09,1.07815146341463e-08,1.13716951219512e-08,8.20650512195122e-06,8.19478707317073e-06,3.44063658536585e-09,2.12623170731707e-09,1.63661536585366e-08,5.30740487804878e-09,1.00961634146341e-08,0.0648534017804878,4.00611203443902,4930.80559080488,66.658451132439,64.6114029697561,2.69087180136585,3986.18763430488,1417.48583317073,398711.116558537,0.222030259439024,0.454419321756098,0.0981954807146341,1.84265901607317,32.8457740561463,122.48475397,0.459601494682927,0.318942046195122,0.573127713390244,0.742070144829268,0.861128378658537,1258.43502566585,1282.36897237561,0.00555556585365854,0.0116071932682927,0.013819219195122,11.2478175620976,11.231750860122,0.00476993863414634,0.0029733923902439,0.0235605936341463,0.00885983290243902,0.0208785421219512,-23.92685712,17.31001447,3.196372529,"K2013117-188"
"189","189","Core","Kambah Pool",1.12094687804878e-06,2.24876362682927e-05,0.0196689827560976,0.00022777443902439,0.000218494804878049,8.96920487804878e-06,0.0148913038536585,0.00358420397560976,1.02301804353659,4.39099219512195e-07,8.6942056097561e-07,2.2363425804878e-07,3.21793165853659e-06,5.33220880487805e-05,0.000212003512195122,9.19974219512195e-07,6.76522553658537e-07,6.89660121951219e-07,1.17441951219512e-06,1.07858946341463e-06,0.00163238748780488,0.00165625543902439,5.10702926829268e-09,1.53356780487805e-08,8.54471219512195e-09,1.04178529268293e-05,1.05688046341463e-05,5.88146097560976e-09,2.47009073170732e-09,7.23166829268293e-09,1.0090087804878e-08,1.03278292682927e-08,0.0776534828780488,2.42640773726829,4513.05343753659,55.2528478958537,53.0018098036585,2.41532012309756,4174.15754082927,1398.63548592683,409207.217402439,0.197016906292683,0.415355703707317,0.113700963195122,1.66994217546341,29.2371145761707,118.162927136585,0.538913435731707,0.429066231439024,0.45022201604878,0.817246549536585,0.92005212502439,1427.51432258537,1448.38666619512,0.00453161346341463,0.0165101244146341,0.0103837945853659,14.2786859668293,14.4855761892195,0.00815377909756097,0.00345425470731707,0.0104106570487805,0.0168437289512195,0.0213576149268293,-24.39137475,17.34734221,3.194747163,"K2013117-189"
"190","190","Core","Kambah Pool",6.55262926829268e-07,2.20546751463415e-05,0.0214428140487805,0.000301143097560976,0.000295037634146341,9.41278536585366e-06,0.0151008797073171,0.00325148980487805,1.00027795195122,4.47619709756098e-07,9.53708414634146e-07,2.37402055853659e-07,3.56824653658537e-06,0.000147305114146341,0.000219794995121951,8.14634341463415e-07,8.09794529658537e-07,1.0244476097561e-06,1.17527626829268e-06,9.66785268292683e-07,0.00127730287804878,0.00124287243902439,6.35250731707317e-09,1.05035731707317e-08,1.16303146341463e-08,8.38461975609756e-06,7.99571e-06,1.16555853658537e-09,4.32400341463415e-09,1.30381341463415e-08,0,8.78721219512195e-09,0.0453932787073171,2.37969037146341,4920.05951641463,73.0503904602439,71.569338742439,2.53477225997561,4232.9034108439,1268.80307400732,400111.180785366,0.200839832146341,0.45562324102439,0.120700822560976,1.85173914185366,80.7690583651951,122.505600755854,0.477206053219512,0.513590357292683,0.668776623902439,0.817843110682927,0.824681954146341,1116.99467280976,1086.88540842439,0.00563676173170732,0.0113079583658537,0.0141335174390244,11.491935100878,10.9588979963415,0.00161587541463415,0.00604683263414634,0.0187696071707317,0,0.0181716695853659,-24.27346979,17.34441223,3.171354096,"K2013117-190"
"191","191","Core","Bullen Range",1.88053571428571e-06,1.78901394047619e-05,0.0227330947142857,0.000310717380952381,0.000308107547619048,9.90550714285714e-06,0.00959039907142857,0.00388502028571429,0.990483153952381,4.25673426190476e-07,5.63938142857143e-07,2.18042732857143e-07,2.71454051904762e-06,0.000148792833333333,0.000216739569047619,9.64258452380952e-07,7.02847714285714e-07,1.26287466666667e-06,1.05698102380952e-06,1.0186110952381e-06,0.00138887683333333,0.00134427911904762,7.43085476190476e-09,2.41020119047619e-08,2.20765476190476e-09,9.24510476190476e-06,8.96686904761905e-06,2.5992e-09,1.77600714285714e-09,5.35919285714286e-09,8.49684523809524e-09,1.28478047619048e-08,0.130273853,1.93033874428571,5216.11477759524,75.3728802902381,74.7397843245238,2.66745563864286,2688.2693911119,1516.020631,396193.261635714,0.1909929305,0.269414891071429,0.11085807252381,1.40870880966667,81.5848076245714,120.802671231667,0.564854724523809,0.445762407214286,0.824425960452381,0.735524665857143,0.868889841690476,1214.565496,1175.56504286905,0.00659360780952381,0.0259478071666667,0.00268280602380952,12.6713198007381,12.2899668587857,0.0036034054047619,0.00248362588095238,0.00771505492857143,0.014184077547619,0.0265688626428571,-24.12437684,17.33149927,3.203815029,"B2013117-191"
"192","192","Core","Bullen Range",1.03818853658537e-06,2.42576986097561e-05,0.0203768664146341,0.000316790829268293,0.000316082048780488,1.54750804878049e-05,0.0141190928292683,0.0026615657804878,0.992896458804878,3.29105207317073e-07,1.04779641463415e-06,2.30899708292683e-07,3.52841441463415e-06,2.07286073170732e-05,0.000220491536585366,7.11586585365854e-07,4.40762587804878e-07,6.76897024390244e-07,1.297736e-06,6.67058682926829e-07,0.00183191248780488,0.00177836334146341,6.30243414634146e-09,1.60522487804878e-08,6.10797804878049e-09,1.1551237804878e-05,1.1249147804878e-05,2.34757804878049e-09,2.75713658536585e-09,1.05584585365854e-08,1.56795097560976e-08,8.8085487804878e-09,0.071920455902439,2.61739551682927,4675.47753704878,76.8461823714634,76.6742356278049,4.16728702717073,3957.70029579268,1038.60170835366,397158.583519512,0.147664311878049,0.500572703097561,0.117394844292683,1.83106784417073,11.3657306197561,122.893858966341,0.416841629536585,0.27954172702439,0.441890294682927,0.903059958951219,0.569010822536585,1601.99787214634,1555.16935204878,0.00559232643902439,0.017281594195122,0.00742259726829268,15.8320829176585,15.4180579553659,0.00325456717073171,0.00385567492682927,0.0151998770243902,0.0261743602682927,0.0182157923902439,-23.182547,17.07783738,3.238758517,"B2013117-192"
"193","193","Core","Bullen Range",1.03671219512195e-06,1.8170147902439e-05,0.0209113786341463,0.000242617414634146,0.000241416707317073,1.06758146341463e-05,0.0101842608536585,0.00356459595121951,0.977910495682927,3.19362814634146e-07,7.34170609756098e-07,2.17818309512195e-07,4.81904014634146e-06,6.83206580487805e-05,0.000225332602439024,7.1117243902439e-07,4.73688231707317e-07,9.58425414634146e-07,1.4215473902439e-06,9.44244609756098e-07,0.0014046672195122,0.00140383707317073,1.91221219512195e-09,2.12977048780488e-08,1.01387e-08,9.26101853658537e-06,9.04993048780488e-06,2.78398780487805e-09,1.86971463414634e-09,2.67509902439024e-08,7.40681707317073e-09,7.86088292682927e-09,0.0718181062926829,1.96055113868293,4798.12151360976,58.8534034709756,58.562120842439,2.87489351358537,2854.73383024878,1390.98402165854,391164.198273171,0.143292996585366,0.350741411317073,0.110743974926829,2.50083727378049,37.4609729118781,125.592055891463,0.416599207609756,0.300424149853659,0.625676347804878,0.989216103731707,0.805454274804878,1228.37413423659,1227.64805368293,0.00169675926829268,0.0229287155853659,0.012320853,12.6931267441707,12.403810387439,0.00385958270731707,0.00261467302439024,0.0385105301707317,0.0123644632682927,0.016256048,-24.00981848,17.31257512,3.198185266,"B2013117-193"
"194","194","Core","Bullen Range",2.88961066666667e-07,4.75940933333333e-05,0.0200279315333333,0.000295591333333333,0.000282055666666667,1.6346602e-06,0.00148505486666667,0.00332319166666667,1.01216852626667,1.83487286666667e-07,4.661446e-07,6.58726926666667e-08,4.65647753333333e-07,9.20215106666667e-05,0.000193454533333333,4.69058433333333e-07,4.28159733333333e-07,7.833744e-07,1.295246e-07,8.99525466666667e-07,0.00129078193333333,0.00133808713333333,2.59137133333333e-09,3.77882666666667e-09,5.356614e-09,6.47813666666667e-06,5.78048466666667e-06,3.09528e-10,3.300468e-09,9.89294666666667e-09,2.09177e-09,6.174732e-09,0.0200177331333333,5.13538226966667,4595.41432473333,71.703658982,68.420232506,0.440198183133333,416.273333390667,1296.7827192,404867.410526667,0.0823278296666667,0.222694996666667,0.0334912387333333,0.241647564733333,50.4564424384,107.824415078667,0.274770636266667,0.271548866133333,0.511400489066667,0.090132666,0.767308576933333,1128.78191988,1170.15012708667,0.00229939906666667,0.00406822146666667,0.00650952313333333,8.87891731193333,7.92271688053333,0.0004291148,0.0046154852,0.0142418155333333,0.00349185706666667,0.0127691316,-22.92227924,16.24176887,3.219838563,"B2013117-194"
"195","195","Core","Bullen Range",6.08408833333333e-07,4.30336111111111e-05,0.0186135107222222,0.000420500611111111,0.000403528444444444,3.2845815e-06,0.00144728177777778,0.00311021122222222,0.981416535833333,3.05630255555556e-07,2.65179433333333e-07,1.10185608333333e-07,8.70843777777778e-07,0.00012019265,0.0001851995,4.47716111111111e-07,6.63183666666667e-07,1.31699294444444e-06,1.8146835e-07,8.92326777777778e-07,0.00155000877777778,0.00156597305555556,3.72413222222222e-09,1.91065e-09,0,9.07264833333333e-06,9.39254388888889e-06,1.36415222222222e-09,3.26771277777778e-09,7.63838333333333e-09,1.31443888888889e-09,6.57694611111111e-09,0.0421474751111111,4.64330926261111,4270.87511538889,102.003777675556,97.8866804305556,0.8845059885,405.685243661111,1213.67310977778,392566.61435,0.137131426944444,0.126686298222222,0.0560210148333333,0.451923630111111,65.9030044126667,103.223407412778,0.262268276166667,0.420606639444444,0.859755107388889,0.126278946277778,0.761167506944444,1355.47447977778,1369.435342,0.00330452483333333,0.00205697672222222,0,12.4349477822222,12.8733912641111,0.00189119738888889,0.00456967683333333,0.0109961645,0.00219424055555556,0.0136009149444444,-23.53485711,16.56868346,3.285132337,"B2013117-195"
"196","196","Core","Bullen Range",1.13195047619048e-06,3.71269523809524e-05,0.0191063703809524,0.000172416571428571,0.000162419857142857,4.46387876190476e-06,0.000843521857142857,0.00280472552380952,0.99304565552381,5.23631523809524e-08,2.96544095238095e-07,6.48508057142857e-08,6.8447849047619e-07,2.17790371428571e-06,0.000178966476190476,5.07616452380952e-07,4.15417361904762e-07,1.97016666666667e-07,2.0222169047619e-07,7.81799666666667e-07,0.00208927128571429,0.0021345150952381,4.27551619047619e-09,7.94442380952381e-09,1.55121952380952e-08,1.62736857142857e-05,1.55650761904762e-05,6.85055714285714e-10,2.49328285714286e-09,5.10623333333333e-09,4.7388619047619e-09,4.42752714285714e-09,0.0784157845238095,4.00598431947619,4383.96187928571,41.8242966585714,39.3993226442857,1.20207906,236.446253990476,1094.4657887381,397218.262214286,0.0234945257619048,0.141670413142857,0.0329716901428571,0.355209136714286,1.19416941085714,99.7493646133333,0.297357427285714,0.263467360333333,0.128615844047619,0.140720690857143,0.666886722285714,1827.05675766667,1866.62225433333,0.00379378447619048,0.00855282995238095,0.018850887047619,22.3046828233333,21.3334420728571,0.000949727761904762,0.00348669038095238,0.00735090542857143,0.00791073419047619,0.00915597838095238,-23.16723974,12.97517652,3.290962397,"B2013117-196"
"198","198","Core","Bullen Range",2.09346289142857e-06,2.20431168571429e-05,0.0204946937142857,0.000228224514285714,0.000221412,3.09338585714286e-06,0.00112022957142857,0.00320271351428571,0.996065160085714,5.26227942857143e-08,1.43372485714286e-07,7.02202885714286e-08,6.51148428571429e-07,4.12127685714286e-05,0.000168784485714286,5.87792534285714e-07,5.99319477142857e-07,9.30873551428571e-07,1.95944122857143e-07,1.03487837428571e-06,0.00185687537142857,0.00189241291428571,2.58721142857143e-09,4.59553142857143e-09,6.83562e-09,1.51281848571429e-05,1.48437371428571e-05,9.67417142857143e-10,1.53949228571429e-09,1.25345714285714e-09,4.32801142857143e-09,3.819526e-09,0.145024459285714,2.37844391425714,4702.51303705714,55.3620146677143,53.7094448045714,0.833018071457143,314.009762697143,1249.76945579714,398426.064042857,0.0236110119714286,0.0684945348857143,0.0357016546285714,0.337912907314286,22.5974090326571,94.0742321582857,0.344323982342857,0.380102553771429,0.607690417114286,0.136352265971429,0.882766222057143,1623.82774897143,1654.90513791429,0.00229570554285714,0.00494747205714286,0.0083068636,20.7346488942857,20.344778174,0.00134118022857143,0.00215287462857143,0.00180446814285714,0.00722489985714286,0.00789865231428571,-24.21775847,17.22250178,3.188240347,"B2013117-198"
"199","199","Core","Bullen Range",2.72866769230769e-06,3.65561615384615e-05,0.0223521011538462,0.000314784,0.000314580230769231,4.80899076923077e-06,0.000699433538461538,0.00375729238461538,1.065288974,1.42876307692308e-07,1.14559538461538e-07,4.21987e-08,5.80473076923077e-07,0.000180685556153846,0.000186769615384615,4.486692e-07,6.49374338461538e-07,8.52165653846154e-07,3.00038230769231e-07,8.45969093846154e-07,0.00151882415384615,0.00149047246153846,4.62627538461538e-09,1.59983230769231e-08,3.54421538461538e-09,7.26888461538462e-06,7.67776923076923e-06,7.02288461538461e-10,4.41900076923077e-09,4.86976153846154e-09,7.25479230769231e-09,6.88678076923077e-09,0.189028235769231,3.94439540923077,5128.69567192308,76.3594025653846,76.3099247561538,1.29501208469231,196.057082851538,1466.17842292308,426115.589646154,0.0641063222307692,0.0547294056923077,0.0214548176923077,0.301235878846154,99.0719534526923,104.098424507692,0.262826591,0.411848101,0.556308434,0.208788484461538,0.721623165769231,1328.20369569231,1303.41036330769,0.00410502484615385,0.0172235177692308,0.00430703884615385,9.96271520038461,10.5231306731538,0.000973619,0.00617968046153846,0.00701048192307692,0.0121106761538462,0.0142416425384615,-22.99049758,16.16447282,3.291391827,"B2013117-199"
"200","200","Core","Kambah Pool",2.60793475609756e-06,3.21211512195122e-05,0.0217692931707317,0.000258307804878049,0.00024787787804878,2.73466951219512e-06,0.00188140040707317,0.0029943967804878,1.04295442178049,1.67084124390244e-07,3.48543e-07,5.82281129268293e-08,1.00618168292683e-06,3.68784737073171e-05,0.000189237195121951,4.60357504878049e-07,5.18694451219512e-07,4.13428287804878e-07,3.27211448780488e-07,7.55717609756098e-07,0.00163778273170732,0.00166967534146341,4.80125170731707e-09,5.22700975609756e-09,3.03985365853659e-10,1.37253697560976e-05,1.29523314634146e-05,1.13230731707317e-10,2.37969390243902e-09,9.54048048780488e-09,2.39682195121951e-09,4.15492829268293e-09,0.180664422756098,3.46586008831707,4994.97024039024,62.65954024,60.1294641646341,0.736419690146341,527.372331072659,1168.47971357561,417181.768709756,0.0749680012926829,0.166512326658537,0.0296045716341463,0.522156814658537,20.2208775973659,105.473797927073,0.269673640170732,0.328968066414634,0.269893051585366,0.227697549609756,0.644638379097561,1432.23229887805,1460.12231365854,0.00426028595121951,0.00562730370731707,0.000369412097560976,18.8119656709756,17.7524345317073,0.000156977682926829,0.00332784197560976,0.0137344155853659,0.00400110014634146,0.00859225558536585,-24.25762899,17.37407128,3.18396827,"K2013118-200"
"201","201","Core","Kambah Pool",1.73167314705882e-06,3.06468026470588e-05,0.0213179097058824,0.000194918676470588,0.000187402617647059,3.23228785294118e-06,0.00239986844117647,0.00330056461764706,0.998150054882353,8.20586323529412e-08,2.43730411764706e-07,5.81257620588235e-08,6.61337764705882e-07,1.10980603235294e-05,0.000194332647058824,5.02304623529412e-07,3.36971976470588e-07,4.5049535e-07,2.92679252941176e-07,8.25849617647059e-07,0.002296508,0.00230242108823529,3.29968911764706e-09,3.39130294117647e-09,3.44364705882353e-11,2.37320970588235e-05,2.41850352941176e-05,8.46366470588235e-10,3.98751e-09,5.46507941176471e-09,3.36116764705882e-09,5.68763294117647e-09,0.119961511088235,3.30677787588235,4891.40016147059,47.2828014852941,45.4595567344118,0.870423866264706,672.703288549118,1287.95316061765,399260.021988235,0.0368184103823529,0.116439341088235,0.0295525090294118,0.343200585441176,6.08519329332353,108.313828120294,0.294245929882353,0.213715481970588,0.2940910625,0.203667538705882,0.704461917117647,2008.28421744118,2013.45519026471,0.00292790891176471,0.00365101455882353,4.18483823529412e-05,32.5271536114706,33.1479567923529,0.001173361,0.00557626697058824,0.00786748261764706,0.00561090964705882,0.0117618429411765,-24.42580146,17.48893338,3.209760812,"K2013118-201"
"202","202","Core","Kambah Pool",3.3511505e-06,4.104205e-05,0.0218020237,0.0001926248,0.00018327845,3.73124495e-06,0.002922311,0.00273839515,1.04672208315,9.14197201e-08,1.096552e-07,5.850764e-08,1.22213126e-06,9.194131e-06,0.0001948513,4.2268072e-07,3.52850155e-07,4.31108405e-07,3.32224655e-07,6.101062e-07,0.00226124065,0.00221354205,1.606279e-09,4.62188e-09,2.681385e-09,1.6938555e-05,1.828183e-05,4.90107e-10,3.2723535e-09,7.73388e-09,3.233715e-09,3.179651e-09,0.23215059935,4.4284196544,5002.4802815,46.7263369825,44.4591314855,1.00478716165,819.148318664,1068.582218135,418688.83326,0.041018580835,0.0523865004,0.02974667395,0.63422387355,5.0412462404,108.6029338025,0.24760320125,0.2237858367,0.28143502005,0.23118615865,0.5204294251,1977.4430407,1935.7309382,0.0014252964,0.00497583855,0.00325850275,23.215925002,25.057027318,0.0006794609,0.00457616935,0.01113363385,0.0053981578,0.00657541875,-25.04966223,13.29451171,3.225787686,"K2013118-202"
"203","203","Core","Kambah Pool",1.66962789285714e-06,3.89224321428571e-05,0.0225676855,0.000283649714285714,0.000281202464285714,3.62328410714286e-06,0.00393874925,0.00319208867857143,1.01642119235714,1.08818593214286e-07,2.79103142857143e-07,5.82080357142857e-08,1.05632989285714e-06,0.000173920316071429,0.000193940714285714,4.11846960714286e-07,3.64382696428571e-07,4.41424053571429e-07,3.03129739285714e-07,8.34311932142857e-07,0.00150508307142857,0.00146193692857143,3.63534214285714e-09,1.79928214285714e-09,0,5.90981571428571e-06,6.2636925e-06,1.47373964285714e-09,2.7446825e-09,4.917325e-09,2.17857857142857e-09,4.98493107142857e-09,0.115663296678571,4.19971405771429,5178.16156510714,68.8068907589286,68.2132427760714,0.97571501625,1104.06450721893,1245.62343567857,406568.476932143,0.0488251666428571,0.133338141964286,0.0295943554642857,0.548181356821429,95.3624420556429,108.095378030714,0.241256500928571,0.231100003642857,0.28816887425,0.210939790714286,0.711680615107143,1316.18727835714,1278.45615592857,0.00322573882142857,0.00193707392857143,0,8.09997742303571,8.58500032564286,0.00204311982142857,0.003838255,0.00707894289285714,0.00363677096428571,0.0103086760714286,-24.57930127,13.31563517,3.216015473,"K2013118-203"
"204","204","Core","Kambah Pool",2.1863905e-06,3.66552433333333e-05,0.0207261607,0.000285495633333333,0.000269147466666667,2.35739693333333e-06,0.00412178864666667,0.00272502986666667,0.991809952366667,1.20245607666667e-07,4.17265366666667e-07,8.51893933333333e-08,1.21903315333333e-06,3.4223395e-05,0.0001944284,4.77367143333333e-07,3.53402986666667e-07,4.50490363333333e-07,1.87318381e-07,6.69289703333333e-07,0.00154990676666667,0.00160502116666667,2.12739466666667e-09,6.75365333333333e-09,0,1.11901466666667e-05,1.11400363333333e-05,1.95023533333333e-09,2.43298266666667e-09,2.86371666666667e-09,2.77048e-09,6.35172066666667e-09,0.1514619808,3.95508647316667,4755.62323273333,69.2546750386667,65.2889816976667,0.634824286233333,1155.37198550097,1063.36678670333,396723.980943333,0.0539522875666667,0.199343686066667,0.0433122697,0.6326161965,18.7650762970667,108.367178696333,0.279637646133333,0.224136396433333,0.294087918466667,0.130349815033333,0.570913651266667,1355.38529956667,1403.58256273333,0.00188769603333333,0.0072708661,0,15.33718179,15.268514593,0.0027037124,0.0034023638,0.00412258633333333,0.00462485776666667,0.0131351528,-24.15144455,17.25469115,3.207492684,"K2013118-204"
"205","205","Core","Kambah Pool",1.87001603703704e-06,2.74843481481481e-05,0.0209529968518519,0.000161308074074074,0.000162956925925926,4.34461633333333e-06,0.00458542103703704,0.00334542792592593,0.98831444137037,1.48520574074074e-07,3.32393e-07,6.25458703703704e-08,9.08985e-07,1.91138359259259e-06,0.000210283888888889,3.84284266666667e-07,4.82191148148148e-07,3.0157282962963e-07,4.44711851851852e-07,8.11440148148148e-07,0.00244091051851852,0.00236411062962963,6.30836518518519e-09,3.9540037037037e-09,1.51303333333333e-09,2.18663851851852e-05,2.23392851851852e-05,1.5012762962963e-09,2.55534555555556e-09,6.90468888888889e-09,4.02370740740741e-09,5.18335925925926e-09,0.129545190185185,2.96554937796296,4807.67083162963,39.1296408307407,39.5296151618519,1.16996366437037,1285.33203377037,1305.45982775926,395325.776581482,0.0666388382222222,0.158796953037037,0.0317998255555556,0.471716721,1.04803348437037,117.20454554037,0.225110653888889,0.305816924,0.196871677481481,0.309462802592593,0.692170119,2134.56338722222,2067.40231296296,0.00559759348148148,0.00425681214814815,0.00183868477777778,29.9700129888889,30.618158207037,0.0020812962962963,0.00357348155555556,0.00993993503703704,0.006716919,0.0107190125555556,-24.31941133,17.28259415,3.163301713,"K2013118-205"
"207","207","Core","Nerreman",8.72219545454545e-07,1.08941179393939e-05,0.0215661703333333,0.000276859060606061,0.000264050151515151,2.20392139393939e-06,0.00533054942424242,0.00294498224242424,1.00284067121212,8.65527836363636e-08,3.25338939393939e-07,8.13157393939394e-08,1.30102590909091e-06,3.51444909090909e-05,0.000209410606060606,5.33666790909091e-07,4.17929909090909e-07,9.42011490909091e-07,6.25756126969697e-07,6.08976254545455e-07,0.00147847660606061,0.0014546863030303,4.57189e-09,4.16284242424242e-09,0,8.35341727272727e-06,8.51182606060606e-06,9.31220303030303e-10,2.48918515151515e-09,6.23145454545455e-09,2.57946363636364e-09,3.61122939393939e-09,0.0604229118484848,1.17547091151515,4948.36364890909,67.1596301821212,64.052495489697,0.593494630636364,1494.19778141515,1149.1970901303,401136.268472727,0.0388348729090909,0.155427024848485,0.0413428021212121,0.675166380090909,19.2701410340303,116.717762816667,0.312617869060606,0.265060855787879,0.614961280666667,0.435446782333333,0.519465724818182,1292.92010056061,1272.11547427576,0.00405676606060606,0.00448164539393939,0,11.4491726587273,11.6662854327576,0.00129099909090909,0.00348095803030303,0.00897075833333333,0.00430598490909091,0.00746790421212121,-23.13558769,16.24884215,3.124269916,"N20131111-207"
"208","208","Core","Nerreman",1.15136562962963e-06,1.37968875555556e-05,0.0215280242592593,0.000203392481481481,0.000195309555555556,2.26559074074074e-06,0.00365866771518519,0.00324576755555556,0.998717847666667,1.64698772222222e-07,4.74488851851852e-07,4.19304037037037e-08,1.29777696296296e-06,2.12378281481481e-05,0.000208397703703704,3.20366788888889e-07,4.63645655555556e-07,3.28479374074074e-07,4.43027676666667e-07,8.52632296296296e-07,0.00229609285185185,0.00224274011111111,3.76465333333333e-09,2.39030740740741e-09,0,2.07056296296296e-05,2.06163185185185e-05,9.60809259259259e-10,3.92018148148148e-09,1.18353037037037e-08,2.27452592592593e-09,3.77314962962963e-09,0.079760741,1.48867823507407,4939.61101018519,49.3383398866667,47.3776075733333,0.610101421222222,1025.55528626593,1266.57011496296,399487.139059259,0.0738977384444444,0.226681605703704,0.0213183988148148,0.673479815333333,11.6449424045185,116.153189168519,0.187668256703704,0.294054733222222,0.214437015555556,0.308291013555556,0.727307399074074,2007.92111796296,1961.26440011111,0.00334048166666667,0.00257336555555556,0,28.3790877122222,28.2566747281481,0.00133201937037037,0.00548210759259259,0.0170379971111111,0.00379693966666667,0.00780274825925926,-24.26977083,19.54039174,3.123127173,"N20131111-208"
"209","209","Core","Nerreman",1.77199445e-06,1.75168783333333e-05,0.0200335716666667,0.000196401166666667,0.000188076619047619,2.91816904761905e-06,0.001743232,0.0026153265,1.02384269938095,1.3620639547619e-07,4.35582976190476e-07,5.51734095238095e-08,8.41556119047619e-07,3.26073519047619e-05,0.0001718085,4.73277057142857e-07,3.67585121428571e-07,3.68783564285714e-07,2.11686178571429e-07,6.2273400952381e-07,0.00238493664285714,0.00234735230952381,2.62658452380952e-09,7.53662619047619e-09,9.50879523809524e-09,2.10054357142857e-05,2.11681857142857e-05,7.03230714285714e-10,1.90084785714286e-09,4.55320476190476e-09,4.41783333333333e-09,3.92947476190476e-09,0.122754769238095,1.89006482385714,4596.70845464286,47.6424055692857,45.623060827619,0.785834417595238,488.642552649762,1020.55807996429,409537.079747619,0.0611136281666667,0.208094780809524,0.0280514705952381,0.436724894809524,17.8789781886905,95.759698565,0.277241767952381,0.233131107357143,0.240748145357143,0.14730666552381,0.53120091302381,2085.61445440476,2052.74722028571,0.0023306435,0.0081137994047619,0.011555372452381,28.7899951371429,29.0130523942857,0.000974924833333333,0.00265820719047619,0.00655476023809524,0.00737483885714286,0.008126025,-23.59619845,13.82161993,3.134042694,"N20131111-209"
"210","210","Core","Nerreman",3.013901e-06,1.85746027037037e-05,0.0214813613703704,0.000242988,0.000232108962962963,3.25900148148148e-06,0.0028013707037037,0.00306453685185185,1.01479839107407,2.12136074074074e-07,2.52052444444444e-07,6.94467888888889e-08,9.27011148148148e-07,4.54734359259259e-05,0.00019189037037037,4.1144537037037e-07,3.0274146962963e-07,5.42519259259259e-07,1.70732177777778e-07,7.70037740740741e-07,0.00167019607407407,0.00177325307407407,6.03191481481481e-10,5.27493333333333e-09,6.11752962962963e-09,1.48902111111111e-05,1.2923237037037e-05,7.07416296296296e-10,2.27881e-09,8.49620740740741e-09,2.50551481481481e-09,2.63741e-09,0.208787730074074,2.00419235225926,4928.90419922222,58.9432980311111,56.3042789225926,0.877617620481482,785.247720674815,1195.84990303704,405919.356462963,0.0951821095925926,0.120415034925926,0.0353083657777778,0.481071448037037,24.9336018006667,106.952585398889,0.24102120237037,0.192005701407407,0.354165953814815,0.118807916888889,0.656853588851852,1460.57774311111,1550.70045807407,0.000535228814814815,0.00567890585185185,0.00743420751851852,20.4084730203704,17.7125596962963,0.000980726814814815,0.00318676085185185,0.0122310772962963,0.00418254988888889,0.00545408355555556,-23.65498518,17.35980726,3.161319458,"N20131111-210"
"211","211","Core","Nerreman",2.84942614285714e-06,1.23780862285714e-05,0.0217093016857143,0.000240617085714286,0.000243119685714286,2.71973657142857e-06,0.00311726134571429,0.00291915917142857,0.992149290971429,1.22971371428571e-07,2.82761371428571e-07,6.99896114285714e-08,7.68909057142857e-07,4.01834994285714e-05,0.000184880457142857,3.89948288571429e-07,2.91189448571429e-07,6.29985102857143e-07,2.63796508571429e-07,6.04675942857143e-07,0.00205083045714286,0.00209484085714286,1.23861285714286e-09,4.96649142857143e-09,4.67342e-09,1.51019657142857e-05,1.49905342857143e-05,9.02086571428571e-10,1.804322e-09,4.51342857142857e-09,2.54041714285714e-09,5.12711028571429e-09,0.197393738428571,1.33559079514286,4981.20517388571,58.3681614377143,58.9752265877143,0.732398871342857,873.794539854286,1139.12032152857,396859.716402857,0.0551752761142857,0.135086016485714,0.0355843993142857,0.399024666257143,22.0330905518,103.045552044571,0.228428482885714,0.1846790794,0.411264839028571,0.183568807285714,0.515797372228571,1793.44044557143,1831.92727591429,0.00109905622857143,0.00534683534285714,0.00567928308571429,20.698714232,20.545992428,0.00125060882857143,0.00252322442857143,0.00649749874285714,0.00424080334285714,0.0106026932571429,-22.696867,12.50185367,3.059536647,"N20131111-211"
"212","212","Core","Nerreman",2.29675131190476e-06,1.49839280952381e-05,0.0214984383095238,0.00021651480952381,0.000200398666666667,2.81726238095238e-06,0.00387601861904762,0.00298988511904762,1.01657800619048,1.23996479761905e-07,4.81203095238095e-07,4.63454741452381e-08,1.4487394047619e-06,3.17126371428571e-05,0.000206647928571429,5.08824652380952e-07,3.80250816666667e-07,4.2530034047619e-07,3.47819130952381e-07,5.3782779047619e-07,0.00237774804761905,0.00238318430952381,3.45336904761905e-09,3.3719380952381e-09,4.00975476190476e-09,1.84597595238095e-05,1.94029119047619e-05,1.07309119047619e-09,2.62231214285714e-09,4.58352142857143e-09,4.41654761904762e-09,1.86239952380952e-09,0.159107196214286,1.61676013933333,4932.82252026191,52.5214876321429,48.6121047609524,0.758661289452381,1086.48056071262,1166.71917509048,406631.202478571,0.0556352624047619,0.229889277642857,0.0235631173785714,0.751822214595238,17.3883877650238,115.177927269048,0.298065137761905,0.241163943738095,0.277643310285714,0.242037938166667,0.458775046809524,2079.32813528571,2084.08219888095,0.00306427233333333,0.00363016764285714,0.00487277838095238,25.3008970252381,26.5935778166667,0.00148768004761905,0.00366712926190476,0.0065984060952381,0.007372694,0.00385138228571429,-23.21461582,12.19314161,3.071261078,"N20131111-212"
"213","213","Core","Nerreman",3.75445544736842e-06,1.41517724210526e-05,0.0217963004736842,0.000229770578947368,0.000221699973684211,4.03715289473684e-06,0.00434820586842105,0.00256639815789474,1.02231401771053,1.34758796052632e-07,1.74400789473684e-07,5.168309e-08,1.01948157894737e-06,2.71584499473684e-05,0.000195357289473684,6.35639173684211e-07,2.80212263157895e-07,4.12465818421053e-07,3.52314576315789e-07,3.17502281578947e-07,0.00210267476315789,0.00204657815789474,3.31831868421053e-09,3.33942631578947e-09,3.0319697368421e-09,1.63211e-05,1.62244960526316e-05,5.58913157894737e-10,2.55249236842105e-09,6.21343684210526e-09,4.09799210526316e-09,3.90312447368421e-09,0.2600895825,1.52696997844737,5001.16705957895,55.7370573473684,53.7792990884211,1.08716517781579,1218.83864108684,1001.4651932,408925.607068421,0.0604641216578947,0.0833179126578947,0.0262768793684211,0.529058997973684,14.8912739503158,108.884919847105,0.372352241342105,0.177717205842105,0.269264801736842,0.2451661715,0.270833930315789,1838.77802913158,1789.72179681579,0.00294443736842105,0.00359517176315789,0.00368454318421053,22.3696534344737,22.2372527860526,0.000774850289473684,0.00356948902631579,0.00894481544736842,0.00684091476315789,0.00807152736842105,-23.22367061,17.45732279,3.138183903,"N20131111-213"
"214","214","Core","Nerreman",3.04609163888889e-06,1.92086711111111e-05,0.0206809203333333,0.000270027027777778,0.00026227225,3.555865e-06,0.0048443001865,0.00263094383333333,1.00759267880556,1.62498316666667e-07,3.06064666666667e-07,5.17343708333333e-08,8.37684027777778e-07,9.97880716666667e-05,0.000200540555555556,4.83899661111111e-07,3.88837286111111e-07,6.03485277777778e-07,3.68024336111111e-07,4.24380797222222e-07,0.00188119608333333,0.00176749575,2.56359972222222e-09,7.95736111111111e-09,1.99821638888889e-09,9.8103175e-06,9.33413944444444e-06,7.83083888888889e-10,2.30180527777778e-09,9.56751666666667e-09,2.40281111111111e-09,2.76569694444444e-09,0.211017713416667,2.07260765952778,4745.24279213889,65.5023548177778,63.6212141055556,0.957559380444444,1357.89802095533,1026.65234543056,403037.071536111,0.0729104142777778,0.146218896,0.0263029745,0.434715368722222,54.7149168316111,111.773951002778,0.283464310333333,0.246609729666667,0.393965360138889,0.256098120138889,0.362002867472222,1645.09601019444,1545.66570208333,0.002274756,0.00856674186111111,0.00242829294444444,13.4459907486389,12.7933436081389,0.00108562961111111,0.00321891905555556,0.01377332525,0.00401110066666667,0.00571937047222222,-23.08721362,12.34363557,3.117601999,"N20131111-214"
"215","215","Core","Nerreman",2.65266282758621e-06,2.63074682758621e-05,0.0203763515172414,0.000277566793103448,0.00026760375862069,1.97319344827586e-06,0.00309092868965517,0.00235721268965517,0.990183539103448,1.07599651724138e-07,1.49197586206897e-07,4.10906744827586e-08,9.07171379310345e-07,7.20676934482759e-05,0.000190202482758621,4.18459693103448e-07,2.49863717241379e-07,3.79996713793103e-07,4.27374613793103e-07,5.56414e-07,0.00167040048275862,0.00164627537931034,3.04495931034483e-09,5.54571379310345e-09,3.50064137931034e-10,1.13831503448276e-05,1.18077434482759e-05,1.06248034482759e-09,1.21123206896552e-09,6.58835517241379e-09,2.70675862068966e-09,3.07745586206897e-09,0.183762957413793,2.83856458224138,4675.35940937931,67.3313117382759,64.9144961927586,0.531361294310345,866.413300864483,919.836411793103,396073.415696552,0.0482782842758621,0.0712774632758621,0.0208914766551724,0.470775712448276,39.5155234499655,106.011802088621,0.245130259655172,0.158469407689655,0.248068323793103,0.297398524586207,0.474629197586207,1460.75642768966,1439.6591292069,0.00270187893103448,0.005970415,0.000425408793103448,15.6017077147241,16.1836614265517,0.00147297144827586,0.00169382637931034,0.00948454575862069,0.00451847889655172,0.00636407875862069,-23.81143427,17.4971132,3.221161367,"N20131111-215"
"216","216","Core","Nerreman",2.87118486111111e-06,1.58108602777778e-05,0.0205118033611111,0.000239200944444444,0.000225824111111111,3.39946111111111e-06,0.00280745597222222,0.00311638580555556,0.982686743388889,1.37462119444444e-07,2.74844694444444e-07,5.00780522222222e-08,8.28966111111111e-07,8.51799047222222e-05,0.000186293305555556,4.17864325e-07,3.79329783333333e-07,6.0400245e-07,3.18967748888889e-07,6.70228831111111e-07,0.00198831772222222,0.00195448319444444,2.84526944444444e-09,4.46339444444444e-09,2.24135555555556e-11,1.28727222222222e-05,1.33389930555556e-05,1.36252583333333e-09,2.08846416666667e-09,5.90697777777778e-09,5.45738055555556e-09,2.59116e-09,0.198901123166667,1.70598571047222,4706.43889055556,58.0246232325,54.779713695,0.915442297027778,786.953481191944,1216.08249224167,393074.697341667,0.061677088,0.131303819472222,0.0254608631666667,0.430191361583333,46.7051056356944,103.833054284167,0.2447813465,0.240579864194444,0.3943028315,0.221960979388889,0.571714703555556,1738.77342063889,1709.18529280556,0.00252468883333333,0.00480521288888889,2.72376388888889e-05,17.6433115063889,18.282385765,0.00188893991666667,0.00292057736111111,0.00850363725,0.00911019958333333,0.00535843463888889,-22.69092265,12.10949001,3.172320631,"N20131111-216"
"217","217","Core","Nerreman",1.32574017948718e-06,1.34350326410256e-05,0.0208370531538462,0.000256360487179487,0.000244535641025641,3.72417282051282e-06,0.00308752928205128,0.00280701166666667,1.02297446053846,1.7726431025641e-07,4.24044051282051e-07,3.18200076923077e-08,1.00896533333333e-06,4.31653730769231e-05,0.000189273333333333,5.05717748717949e-07,3.48424671794872e-07,3.64184461538462e-07,4.70660994871795e-07,5.34419533333333e-07,0.00182615748717949,0.00189694520512821,4.15561307692308e-09,1.05730564102564e-08,0,1.2923648974359e-05,1.25003884615385e-05,1.08952384615385e-09,1.54796102564103e-09,6.08594102564103e-09,3.24122307692308e-09,3.25348769230769e-09,0.0918405585128205,1.44963502853846,4781.06752538462,62.1871424515385,59.3187155382051,1.00288298607692,865.460374994103,1095.35786196154,409189.784202564,0.0795356948974359,0.202582028076923,0.016178045974359,0.523601445641026,23.6680580111538,105.493953031282,0.296245238538462,0.220979056589744,0.237745837461538,0.327520066333333,0.455867855846154,1596.96514023077,1658.86862444359,0.00368739284615385,0.0113827723589744,0,17.7131332558974,17.1329999223077,0.001510465,0.00216472151282051,0.00876127930769231,0.0054106868974359,0.00672810915384615,-23.84352545,17.30327404,3.219856271,"N20131111-217"
"218","218","Core","Nerreman",2.49171736257143e-06,1.40396308571429e-05,0.0200147786285714,0.000236387428571429,0.000226678057142857,3.27402885714286e-06,0.00308065745714286,0.00256305962857143,0.989317026428571,1.63501968571429e-07,2.54815257142857e-07,1.34924771428571e-08,8.969568e-07,4.07079991428571e-05,0.000185912314285714,4.76881085714286e-07,2.72333394285714e-07,3.27305828571429e-07,4.45667074285714e-07,7.12776911428571e-07,0.00208369017142857,0.0021279882,3.82627057142857e-09,4.71294e-09,0,1.20829457142857e-05,1.22826337142857e-05,7.37960571428571e-10,2.23658342857143e-09,1.44904e-09,2.62125428571429e-09,3.26165542857143e-09,0.172613553485714,1.51487034774286,4592.39640562857,57.3421470065714,54.9868841165714,0.881663612114286,863.534141747143,1000.16246645429,395726.810577143,0.0733607505142857,0.121735104742857,0.00685988688571429,0.465474909942857,22.3206619004,103.620705514571,0.279352967971429,0.172720148657143,0.2136708068,0.310127886685714,0.6080088532,1822.17610642857,1860.91449982857,0.00339515591428571,0.00507386751428571,0,16.5608481142857,16.8345438548571,0.00102307262857143,0.00312771222857143,0.00208602662857143,0.0043757512,0.00674499711428571,-22.67005855,13.01096532,3.190503716,"N20131111-218"
"219","219","Core","Nerreman",1.32189872972973e-06,1.12171216216216e-05,0.0205929015135135,0.000205988135135135,0.000185755918918919,3.45152027027027e-06,0.00371770251351351,0.00255121537837838,1.05579833413514,1.49242656756757e-07,3.77234054054054e-07,5.04876837837838e-08,7.05421459459459e-07,2.58760143243243e-05,0.000191897972972973,4.55140624324324e-07,4.1151952972973e-07,4.16026756756757e-07,5.58087789189189e-07,5.28437794594595e-07,0.00203700402702703,0.00197128883783784,4.69197324324324e-09,5.55116756756757e-09,0,1.74606459459459e-05,1.75807621621622e-05,7.2943e-10,2.72762027027027e-09,8.6868027027027e-09,3.15525945945946e-09,4.76015972972973e-09,0.0915744036486486,1.21032253389189,4725.04686267568,49.9679768197297,45.0601110256757,0.929461031891892,1042.10325242919,995.540548927027,422319.333678378,0.0669628295945946,0.180219294405405,0.0256691335135135,0.366077826594595,14.1881041107027,106.956877188649,0.26661757127027,0.260995237324324,0.271589256594595,0.388358258621622,0.450765089810811,1781.34923472973,1723.88170440541,0.00416331983783784,0.00597629289189189,0,23.9315086118919,24.0961592154054,0.00101124645945946,0.00381439178378378,0.0125054536486486,0.00526718040540541,0.00984385816216216,-23.06927536,12.31883859,3.147094824,"N20131111-219"
"220","220","Core","Nerreman",1.54962037037037e-06,2.01989974074074e-05,0.0194040931481481,0.000137435496296296,0.000125168833333333,3.99629555555556e-06,0.00459556359259259,0.00254358351851852,0.981733939333333,1.40145796296296e-07,3.14195333333333e-07,3.39581888888889e-08,8.29743518518518e-07,1.20771622222222e-06,0.000181189185185185,4.28934074074074e-07,3.07486218518519e-07,4.59137e-07,3.85834296296296e-07,4.99791e-07,0.00337010762962963,0.00337302459259259,5.81872740740741e-09,5.46759259259259e-09,0,8.2499862962963e-05,7.91859703703704e-05,6.29854074074074e-10,3.70128148148148e-09,8.0380962962963e-09,2.1557e-09,4.74042185185185e-09,0.107349878259259,2.17946448840741,4452.27446614815,33.3387014548148,30.3630719144444,1.07616366014815,1288.17508155556,992.562395814815,392693.57572963,0.062881183037037,0.150103288481481,0.0172651295925926,0.430594813037037,0.662204149962963,100.988124812593,0.251265972666667,0.195014951333333,0.299732511444444,0.268491587888889,0.426329067222222,2947.14138751852,2949.69225081481,0.00516311866666667,0.00588631659259259,0,113.074092357407,108.532077482593,0.000873200666666667,0.00517598985185185,0.0115715823333333,0.00359858388888889,0.009803047,-22.97842303,12.91965433,3.186983438,"N20131111-220"
"221","221","Core","Nerreman",2.3237826952381e-06,1.4580550952381e-05,0.0205527135714286,0.000203371023809524,0.000197638404761905,3.42909619047619e-06,0.00393304373809524,0.00256053861904762,0.979528393452381,1.09381254761905e-07,4.26308333333333e-07,3.50767857142857e-08,1.29869814285714e-06,5.34247830952381e-05,0.000182611357142857,5.36147345238095e-07,4.63270285714286e-07,3.85124023809524e-07,5.05601166666667e-07,4.42408296904762e-07,0.00250872654761905,0.00246965114285714,3.82395714285714e-09,4.45235e-09,3.90997619047619e-10,2.36781904761905e-05,2.48860714285714e-05,1.03522595238095e-09,1.09370285714286e-09,4.33942142857143e-09,2.67595952380952e-09,6.03196238095238e-09,0.160979848357143,1.5732359347619,4715.82573095238,49.3331367259524,47.9425271707143,0.923422292404762,1102.46521362857,999.178658511905,391811.35737619,0.0490776474047619,0.203663689142857,0.0178338796666667,0.673958319261905,29.2934050675476,101.780888559048,0.314070740761905,0.29381686952381,0.25141547997619,0.351834120428571,0.377380821642857,2193.86809966667,2159.69700471429,0.00339310414285714,0.00479332226190476,0.00047515219047619,32.4532657411905,34.1087832707143,0.00143518638095238,0.00152947061904762,0.0062470005,0.00446706997619048,0.0124738997857143,-23.06774448,16.56375604,3.213324095,"N20131111-221"
"223","223","Core","Nerreman",3.50593e-06,1.2078e-05,0.016850835,0.000211,0.000185552,0,0,0.002275488,0.77200619,1.41094e-07,0,0,1.80143e-06,3.20917e-06,0.000142666,0,9.28032e-08,3.27068e-07,9.90633e-07,1.69913e-07,0.0018458,0.001793324,0,0,0,2.33008e-05,2.27116e-05,0,7.86697e-09,2.17937e-08,0,6.13508e-09,0.242872872,1.303216604,3866.428643,51.1836879,45.0105602,0,0,887.9457662,308802.4759,0.063306668,0,0,0.934849274,1.759623554,79.51658361,0,0.058857958,0.213515279,0.689354764,0.14493858,1614.142358,1568.251963,0,0,0,31.93604931,31.12843325,0,0.011001428,0.031374084,0,0.012687145,-23.6860342,12.81588587,3.271878249,"N20131111-223"
"224","224","Core","Nerreman",2.52211909756098e-06,1.3187293902439e-05,0.019427449097561,0.000501585780487805,0.000493514219512195,4.25354292682927e-06,0.00149586354390244,0.0018940286097561,1.02011636526829,1.46695453414634e-07,3.26083595121951e-07,9.8983273902439e-08,7.77078853658537e-07,2.66068880487805e-05,0.000176986317073171,4.4424916097561e-07,3.25012948780488e-07,3.01513073170732e-07,6.09971731707317e-07,3.91466985365854e-07,0.00185512470731707,0.00189253192682927,3.11439146341463e-09,8.53598292682927e-09,1.1625036097561e-08,1.58570780487805e-05,1.63709029268293e-05,1.63674609756098e-09,2.39316024390244e-09,1.71401951219512e-09,5.59149e-09,2.01485414634146e-09,0.174719703682927,1.42290274168293,4457.6334877561,121.673145569268,119.715168680976,1.14543688312195,419.303104812439,739.09177857561,408046.54612439,0.0658199517804878,0.155782602219512,0.0503254193902439,0.403264098195122,14.5888549385854,98.6456745236585,0.26023756402439,0.206130791926829,0.196832768731707,0.424462707756098,0.333926961292683,1622.29677780488,1655.00922731707,0.00276348695121951,0.00918969312195122,0.014127101804878,21.7336684573171,22.4379163009756,0.00226910421951219,0.00334667397560976,0.00246749119512195,0.00933407324390244,0.00416665146341463,-23.3487902,17.16227924,3.441723386,"N20131111-224"
"225","225","Core","Kambah Pool",3.02125480487805e-06,1.63156951219512e-05,0.0217722412926829,0.000176461926829268,0.000156180951219512,2.18722414634146e-06,0.00242684216829268,0.00284138953658537,1.07025997746341,1.95222085365854e-07,2.13009531707317e-07,7.77959946341463e-08,8.34468536585366e-07,1.9819376097561e-06,0.000182434609756098,4.78922170731707e-07,5.23635002439024e-07,4.09549829268293e-07,8.00369756097561e-07,6.44954014634146e-07,0.0026512212195122,0.00264094109756098,3.77465853658537e-09,8.87031707317073e-09,7.73670512195122e-09,3.16101853658537e-05,3.18010707317073e-05,1.8320256097561e-09,2.02177268292683e-09,8.46077073170732e-09,3.30924146341463e-09,2.21585048780488e-09,0.20929717004878,1.760457154,4995.64666395122,42.8055898782927,37.8859072878049,0.588998006560976,680.26423929878,1108.77288086585,428103.991007317,0.0875930310731707,0.101762856341463,0.0395533265365854,0.433046833609756,1.08671875673171,101.682325499024,0.28054864995122,0.332101273585366,0.267361273902439,0.556955561439024,0.550155238341463,2318.4790222439,2309.48910414634,0.00334935987804878,0.00954962495121951,0.00940187773170732,43.3248416082927,43.5864606853659,0.00253983253658537,0.00282731397560976,0.0121800627560976,0.00552422785365854,0.00458230419512195,-24.62380461,14.10543777,3.220839873,"K20131111-225"
"226","226","Core","Tharwa Sandwash",1.94105656666667e-06,2.405739e-05,0.020566359,0.000202779466666667,0.000194694166666667,3.00125433333333e-06,0.00291409636666667,0.00248807003333333,0.984428965833333,2.34429973333333e-07,3.9520463e-07,8.50959833333333e-08,9.02045766666667e-07,4.4303253e-06,0.0001734104,3.64353733333333e-07,2.46841073333333e-07,4.12434433333333e-07,7.2332026e-07,4.91687476666667e-07,0.00229260806666667,0.00232466293333333,1.91595033333333e-09,8.76089e-09,8.70323166666667e-09,1.81067933333333e-05,1.79452933333333e-05,1.27301966666667e-09,2.817824e-09,7.62933e-09,4.32926333333333e-09,2.84804e-09,0.134466500733333,2.59578136746667,4718.9566743,49.1896255936667,47.2283294793333,0.808208924533333,816.8456496,970.899830273333,393771.58634,0.105185050566667,0.188804384266667,0.0432648101333333,0.468115944966667,2.42919660373333,96.652583201,0.21343535,0.156552324066667,0.2692442911,0.503339060666667,0.4194164823,2004.8736594,2032.90544993333,0.00170007616666667,0.00943182526666667,0.0105764284333333,24.8171284583333,24.5957724923333,0.0017648576,0.0039405367,0.0109831238666667,0.00722699453333333,0.00588965183333333,-23.60210099,13.9968567,3.210788467,"T20131112-226"
"228","228","Core","Kambah Pool",2.20432387179487e-06,1.53573361538462e-05,0.0164068511025641,0.000325602051282051,0.000312391974358974,2.87012e-06,0.00134640528205128,0.00107958374358974,0.999544218589744,1.67449446153846e-07,1.79081627948718e-07,8.02993948717949e-08,7.40120948717949e-07,4.82387156410256e-05,0.000169063512820513,4.4910658974359e-07,2.82614341025641e-07,4.91851333333333e-07,7.62047794871795e-07,1.64057579487179e-07,0.00208119497435897,0.0021268251025641,3.91568487179487e-09,2.58070512820513e-09,2.98555641025641e-09,1.93335025641026e-05,1.92347666666667e-05,1.31115282051282e-09,1.77059487179487e-09,7.30587179487179e-09,3.16358205128205e-09,3.50515333333333e-09,0.152704372820513,1.65705082825641,3764.55644423077,78.9835715328205,75.7790842994872,0.772895298410256,377.408716190769,421.277408835897,399817.687441026,0.0751319118461539,0.0855541449230769,0.0408261158717949,0.384085147897436,26.449850705,94.2297680194872,0.263082842564103,0.179240572512821,0.321089137769231,0.53028824125641,0.13994350525641,1819.99402023077,1859.89728841026,0.00347449861538462,0.00277833905128205,0.00362814128205128,26.4984418817949,26.3631115833333,0.00181771664102564,0.00247605815384615,0.0105174815897436,0.00528107874358974,0.0072485471025641,-24.33039478,13.58659666,3.315518595,"K20131113-228"
"229","229","Core","Kambah Pool",2.67445486875e-06,1.24617409375e-05,0.0182819743125,0.00027253134375,0.00027378690625,2.780561875e-06,0.0029691733125,0.0015735816875,1.06663695178125,1.20158359375e-07,2.883705975e-07,6.74843471875e-08,6.37913e-07,1.11357428125e-05,0.00020082825,5.0998460625e-07,3.108928125e-07,2.906730625e-07,9.6703528125e-07,2.524698978125e-07,0.00198205621875,0.0020630723125,3.6984e-09,6.610765625e-09,3.25861875e-09,1.214687875e-05,1.24907984375e-05,1.439535e-09,2.972508125e-09,8.655684375e-09,3.200090625e-09,4.8888865625e-09,0.18527262475,1.3446170163125,4194.80396753125,66.1098259021875,66.414406213125,0.748778500625,832.28422237,614.0463076375,426654.78070625,0.053913134125,0.13776568209375,0.03431063059375,0.331044268125,6.10585511809375,111.934258189687,0.2987447000625,0.197175412625,0.189756215,0.67293383246875,0.2153605525625,1733.297735375,1804.14592484375,0.003281694625,0.00711703478125,0.003959975125,16.648471576875,17.1198647821875,0.00199570240625,0.00415685396875,0.01246066234375,0.00534201671875,0.010110055625,-24.44811848,13.20267021,3.223428365,"K20131113-229"
"230","230","Core","Kambah Pool",2.9488755862069e-06,8.87906724137931e-06,0.0186294505172414,0.000229142862068966,0.000219678413793103,3.1539275862069e-06,0.00350292513793103,0.00198459444827586,0.989408781172414,2.24828582758621e-07,2.82365365172414e-07,8.77663565517241e-08,9.84756448275862e-07,9.398685e-05,0.000194430206896552,5.25238872413793e-07,2.75368389655172e-07,6.71539137931035e-07,1.06991548275862e-06,2.01627379310345e-07,0.00197393482758621,0.00207210734482759,4.09014e-09,4.58021379310345e-09,1.04756551724138e-09,1.89821551724138e-05,1.85209413793103e-05,1.66516586206897e-09,2.1043575862069e-09,7.20970689655172e-09,2.31014827586207e-09,3.28907931034483e-09,0.204283071310345,0.958047680724138,4274.53249337931,55.5847827444828,53.2889299475862,0.849322577862069,981.899319168966,774.432557082759,395763.512482759,0.100877006862069,0.134896697551724,0.0446224815862069,0.511038182206897,51.5340800642759,108.368230356552,0.307680476137931,0.174645015862069,0.438391948137931,0.744525151172414,0.171991106655172,1726.19547789655,1812.04701086207,0.00362929537931034,0.00493098003448276,0.00127303624137931,26.0168841772414,25.3847650406897,0.002308505,0.00294280593103448,0.0103790452068966,0.00385641848275862,0.00680170627586207,-25.188978,18.33412951,3.266424444,"K20131113-230"
"231","231","Core","Kambah Pool",1.7735725952381e-06,9.80887733333333e-06,0.0183028357857143,0.000301808666666667,0.000285569642857143,1.94870476190476e-06,0.00365309478571429,0.00187285361904762,0.9748622035,1.33611751190476e-07,1.94843814047619e-07,6.44646460214286e-08,9.91782908333333e-07,6.49354333333333e-05,0.000185491071428571,3.47066723809524e-07,3.53553516666667e-07,6.04792380952381e-07,1.06694223809524e-06,1.70283692857143e-07,0.00202838573809524,0.00202787047619048,3.99059047619048e-09,8.11110952380952e-09,7.62297619047619e-10,1.67041930952381e-05,1.71665595238095e-05,0,7.64174285714286e-10,6.04526904761905e-09,3.27554523809524e-09,4.14349333333333e-09,0.122864115833333,1.05837398559524,4199.59064745238,73.2118277340476,69.2726228502381,0.52476726202381,1023.9931581619,730.828804016667,389944.881414286,0.0599494718333333,0.0930843816190476,0.0327753560119048,0.514684648952381,35.6048204372143,103.385921756905,0.203308692857143,0.224231855833333,0.394818739119048,0.742456677833333,0.14525451,1773.81261014286,1773.3620445,0.00354096288095238,0.00873228164285714,0.000926367071428571,22.8947192457143,23.528451572619,0,0.00106864652380952,0.00870272266666667,0.00546798180952381,0.00856860942857143,-25.14971421,18.34125899,3.235580208,"K20131113-231"
"232","232","Core","Kambah Pool",4.42954466666667e-06,1.26651735897436e-05,0.0190732374871795,0.000180807666666667,0.000171440871794872,2.19330871794872e-06,0.00480141812820513,0.00199316202564103,1.03499430330769,1.38130126923077e-07,1.67334500512821e-07,5.31512974358974e-08,7.52517338461539e-07,1.04586736923077e-05,0.00021750458974359,3.9279148974359e-07,3.69085879487179e-07,5.13458384615385e-07,1.28142869230769e-06,2.26610771794872e-07,0.00243811461538462,0.00246832805128205,3.02342512820513e-09,4.81069743589744e-09,5.94916923076923e-10,2.01413205128205e-05,2.08194435897436e-05,1.40459846153846e-09,1.24575487179487e-09,5.73435128205128e-09,2.28424871794872e-09,3.41426358974359e-09,0.306856325153846,1.36656667848718,4376.35951671795,43.8597911707692,41.5875879951282,0.590636464179487,1345.87784322051,777.775776379487,413997.721384615,0.0619767953333333,0.0799422017948718,0.0270233705128205,0.390518332666667,5.734609123,121.229025581282,0.230093934461538,0.234082859461538,0.335194394666667,0.891711458025641,0.193302295589744,2132.11835025641,2158.53989505128,0.00268277141025641,0.00517911369230769,0.000722960974358974,27.6056417451282,28.5350588371795,0.00194726861538462,0.00174210423076923,0.00825512802564103,0.00381318128205128,0.00706058535897436,-24.03170677,13.82225302,3.232754611,"K20131113-232"
"233","233","Core","Kambah Pool",3.68957625714286e-06,1.29110507142857e-05,0.0187839643571429,0.000247106476190476,0.000237342333333333,1.59443095238095e-06,0.00454949042857143,0.00180302695238095,1.0917670017619,1.92595128571429e-07,1.97996124761905e-07,6.41888380952381e-08,1.22897521190476e-06,7.711764e-05,0.000209373880952381,4.93583378571429e-07,3.70047669047619e-07,3.99597928571429e-07,1.13414992857143e-06,2.73054080166667e-07,0.00236321861904762,0.0024397815952381,3.04420357142857e-09,1.07266452380952e-08,9.01507142857143e-11,1.6654980952381e-05,1.67416928571429e-05,1.29407785714286e-09,2.40551214285714e-09,4.64154285714286e-09,5.01247857142857e-09,3.10288404761905e-09,0.255595108380952,1.39309679369048,4309.98574259524,59.9423470645238,57.5737749359524,0.429364493642857,1275.2603852769,703.580927219048,436706.800711905,0.0864143722619048,0.0945903222142857,0.0326351219761905,0.637775455476191,42.2844864573333,116.697213605714,0.28913724297619,0.234692914166667,0.260864365071429,0.789224413547619,0.232919012190476,2066.6222227381,2133.57620471429,0.00270120745238095,0.011548115547619,0.00010955380952381,22.8272748928571,22.9461125988095,0.00179404680952381,0.00336394814285714,0.00668193621428571,0.00836750761904762,0.00641666416666667,-24.81822591,14.04724684,3.247916442,"K20131113-233"
"234","234","Core","Kambah Pool",2.03873432e-06,2.3851676e-05,0.01759159188,0.000130292484,0.000124777136,1.5785752e-06,0.00479246572,0.00189661172,1.01597438672,1.4934008e-07,3.990289548e-07,8.687504e-08,9.87497628e-07,1.77532484e-06,0.00018120648,4.75138292e-07,2.96486204e-07,4.5729704e-07,8.3363548e-07,2.214695e-07,0.00245606796,0.0025040618,3.794306e-09,8.061736e-09,0,1.7668972e-05,1.7565404e-05,2.003276e-10,2.8367952e-09,6.997124e-09,4.501332e-09,1.1219252e-09,0.14123312868,2.57358602208,4036.39556032,31.6059421828,30.2680474296,0.42509528748,1343.36835238,740.099733224,406389.754656,0.06700652128,0.19063152584,0.04416931336,0.51246103824,0.97343073268,100.99781456,0.27833206824,0.18803845032,0.29853118672,0.58010460308,0.1889166496,2147.81854036,2189.78880628,0.00336679432,0.00867912052,0,24.2170389688,24.0750932856,0.00027772472,0.00396707072,0.0100730054,0.00751422384,0.0023201052,-25.12028516,13.74546347,3.286971233,"K20131113-234"
"235","235","Core","Kambah Pool",2.8142953952381e-06,1.20074594761905e-05,0.0181747834047619,0.000351557095238095,0.000338076071428571,2.75879357142857e-06,0.00474960419047619,0.00160299528571429,1.01029510238095,1.21110869047619e-07,2.18435626428571e-07,9.17229857142857e-08,1.08558614285714e-06,3.53064323809524e-05,0.000208858119047619,4.67270333333333e-07,4.10767228571429e-07,4.95743547619048e-07,1.14955735714286e-06,1.56352276738095e-07,0.00202713892857143,0.00210242788095238,3.17718785714286e-09,4.90035e-09,5.82066666666667e-10,1.84883952380952e-05,1.8555819047619e-05,8.69868333333333e-10,1.605405e-09,5.5366e-09,2.15200238095238e-09,3.53108333333333e-09,0.194960179761905,1.29559958752381,4170.20900521429,85.2796326840476,82.0094699857143,0.742916305738095,1331.35391939857,625.524119304762,404118.040940476,0.0543405174047619,0.104354987809524,0.046634116452381,0.563363975261905,19.3589231815,116.409817615714,0.273723046785714,0.260518157952381,0.323629959833333,0.799946122785714,0.133370803452381,1772.72233564286,1838.56212211905,0.00281920721428571,0.00527563354761905,0.00070734480952381,25.340151937619,25.4325522545238,0.00120594392857143,0.0022450510952381,0.00797044776190476,0.003592416,0.00730216766666667,-25.37506184,13.416539,3.318623951,"K20131113-235"
"236","236","Core","Kambah Pool",1.97363559393939e-06,1.64307390909091e-05,0.0173250235454545,0.000204813303030303,0.000199163454545455,3.07707393939394e-06,0.00634044542424242,0.00159700057575758,1.00273877569697,1.78821863636364e-07,2.43848453636364e-07,6.28134151515152e-08,1.05777470606061e-06,7.83529757575758e-06,0.000195559939393939,6.12607193939394e-07,7.30075787878788e-07,8.84716545454545e-07,9.31330606060606e-07,1.44434960606061e-07,0.00251481457575758,0.00258129584848485,4.11839393939394e-09,6.12568484848485e-09,0,2.46629727272727e-05,2.45603212121212e-05,1.55201454545455e-09,1.59405787878788e-09,5.00940909090909e-09,3.9527303030303e-09,1.51968090909091e-09,0.136723454363636,1.77286937539394,3975.23136593939,49.6829980115152,48.3124673781818,0.828625843454545,1777.28011434242,623.184858084848,401095.510284849,0.0802345416060606,0.116495632848485,0.0319358134545455,0.548931091575758,4.29618212287879,108.997843546667,0.358860266666667,0.463030963848485,0.577558022939394,0.648087581424242,0.123205173575758,2199.19205448485,2257.32962675758,0.00365436854545455,0.00659480615151515,0,33.8029954690909,33.6623210242424,0.00215163675757576,0.00222918321212121,0.00721151154545455,0.00659843460606061,0.00314265115151515,-25.17816742,13.83826676,3.232441319,"K20131113-236"
"238","238","Core","Kambah Pool",4.19031987804878e-06,1.27638480243902e-05,0.0171766974146341,0.000421292634146341,0.000409292731707317,3.54021707317073e-06,0.00288034836585366,0.00156555775609756,0.989240387682927,7.23605317073171e-08,1.76234268292683e-07,6.89656658536585e-08,7.42338243902439e-07,8.21234612195122e-05,0.000135678834146341,4.94315995121951e-07,2.52544948780488e-07,3.58007048780488e-07,1.27155017073171e-07,2.4871087804878e-07,0.00180320670731707,0.00177389519512195,1.2050587804878e-09,9.24415365853659e-09,1.39982268292683e-08,1.10052173170732e-05,1.10605331707317e-05,1.08428487804878e-09,2.9212743902439e-09,3.07464390243902e-09,2.96623170731707e-09,2.20203414634146e-09,0.290284063609756,1.3772140685122,3941.19788136585,102.195870959512,99.2849974897561,0.953346637292683,807.3858183,610.915189458537,395696.155070732,0.0324670347804878,0.0841939233414634,0.0350637731707317,0.38523580597561,45.029240417439,75.6223932631707,0.289566285487805,0.160169920146341,0.233713102804878,0.0884837539756098,0.212154006,1576.89477652195,1551.26204617561,0.00106928285365854,0.00995209085365854,0.0170110750487805,15.0837210616098,15.1595385793171,0.00150320065853659,0.00408520495121951,0.00442623509756098,0.00495163053658537,0.00455374080487805,-24.50127365,13.52778696,3.334003878,"K20131113-238"
"239","239","Core","Kambah Pool",4.27186951219512e-06,8.89381536585366e-06,0.0189850206097561,0.000141462731707317,0.000132716682926829,3.20752951219512e-06,0.0019073253902439,0.00188262773170732,1.02444914714634,2.02018897560976e-07,3.59352292682927e-07,7.02166817560976e-08,1.17041865853659e-06,5.49827517073171e-07,0.000143753243902439,4.037953e-07,3.07908865853659e-07,3.89174634146341e-07,2.73856565853659e-07,4.19178865853659e-07,0.0030790027804878,0.0031408187804878,4.00776634146341e-09,1.29837365853659e-08,5.06928048780488e-09,6.81724024390244e-05,6.85323780487805e-05,1.23720853658537e-09,2.73963829268293e-09,5.15909268292683e-09,5.55205121951220e-09,3.80755853658537e-09,0.295933400829268,0.959638971414634,4356.11814341463,34.3155881441463,32.1940042178049,0.86375641595122,534.639344671463,734.642872682927,409779.658873171,0.0906426795853659,0.171676254682927,0.0356998031463415,0.607387683829268,0.301476643073171,80.122779102439,0.236540067487805,0.195282955682927,0.254060022292683,0.190569381634146,0.357565788951219,2692.57170260976,2746.62955734146,0.00355620185365854,0.0139780654390244,0.00616033909756098,93.4369135036585,93.9302997782927,0.00171520609756098,0.00383120095121951,0.00742699397560976,0.00926822902439024,0.00787391163414634,-24.881381,14.17823839,3.293669641,"K20131113-239"
"240","240","Core","Kambah Pool",4.62790196829268e-06,9.99253775609756e-06,0.0179951930487805,0.000306517170731707,0.000299044268292683,3.78696390243902e-06,0.00278744146341463,0.00149690865853659,1.00446723817073,1.38366736585366e-07,4.78283658536585e-07,7.14960463414634e-08,8.20821056097561e-07,3.60396775609756e-05,0.000160305892682927,4.79986073170732e-07,3.97504048780488e-07,5.29547317073171e-07,3.80227544634146e-07,2.0019216195122e-07,0.00238694685365854,0.00239539997560976,4.8259356097561e-09,3.43128048780488e-09,2.21260731707317e-09,2.14539780487805e-05,2.13579975609756e-05,1.45340585365854e-09,1.72343268292683e-09,5.37093414634146e-09,4.06397073170732e-09,2.84732195121951e-09,0.32059739102439,1.07819117117073,4129.00192778049,74.3539987121951,72.5412672456098,1.01979219778049,781.343265488049,584.126799748781,401786.895241463,0.062082971,0.22849437104878,0.036350262097561,0.425964143536585,19.7609704537317,89.3486013919512,0.28117190802439,0.252106438487805,0.345697593292683,0.26458994997561,0.170766807048781,2087.37247992683,2094.76470268293,0.00428218997560976,0.00369405648780488,0.00268882829268293,29.4047752843902,29.2732183641463,0.0020149316097561,0.00241010482926829,0.00773196202439024,0.00678412895121951,0.00588817275609756,-23.98763324,14.18375177,3.24259288,"K20131113-240"
"241","241","Core","Kambah Pool",4.3743694e-06,9.57400971428571e-06,0.0187697703809524,0.00026534319047619,0.000258489119047619,2.08073023809524e-06,0.0029162935,0.00193141407142857,1.02675467428571,1.40712566666667e-07,1.79826880952381e-07,3.80043142857143e-08,9.41603071428571e-07,6.15099164285714e-05,0.000166770238095238,3.88062707142857e-07,2.93720421428571e-07,4.27518166666667e-07,3.78882857857143e-07,2.83431380952381e-07,0.00229297957142857,0.00226367578571429,2.44447047619048e-09,5.27727619047619e-09,8.2589119047619e-10,2.51372166666667e-05,2.56042142857143e-05,5.96872142857143e-10,1.67313357142857e-09,4.90150952380952e-09,3.526645e-09,6.4148619047619e-09,0.303034103904762,1.03303152716667,4306.7289167619,64.3661558509524,62.7035029633333,0.560320657619048,817.461549009524,753.680424685714,410701.869721429,0.0631354778809524,0.0859101790238095,0.0193222881904762,0.4886440605,33.7266043787381,92.9515678519048,0.227323969714286,0.186284316666667,0.279091263809524,0.263654453690476,0.24177113647619,2005.198595,1979.57251954762,0.00216904769047619,0.00568142219047619,0.00100364866666667,34.4530134711905,35.0930660321429,0.00082747480952381,0.00233976423809524,0.0070561755,0.00588714661904762,0.0132657288095238,-25.07592988,18.59215924,3.266439092,"K20131113-241"
"242","242","Core","Kambah Pool",3.3937340952381e-06,1.6690339047619e-05,0.0181374824047619,0.00040976980952381,0.000409969595238095,2.47719833333333e-06,0.00441087442857143,0.000725173261904762,1.01986067785714,1.10705114285714e-07,2.16472476190476e-07,3.90490854761905e-08,9.85569428571429e-07,5.93317030952381e-05,0.000170250761904762,3.78342469047619e-07,2.50018047619048e-07,4.75753523809524e-07,3.26105412142857e-07,9.51125023809524e-08,0.00186145504761905,0.00186891642857143,1.47748595238095e-09,9.48342380952381e-09,1.11170714285714e-09,1.4395170952381e-05,1.43781919047619e-05,4.66363571428571e-10,2.57786857142857e-09,3.20065714285714e-09,1.40296071428571e-09,4.48856142857143e-09,0.235100551214286,1.8008809575,4161.65024702381,99.4007296538095,99.4491794804762,0.667085337071429,1236.40514372857,282.978591759524,407944.271119048,0.0496716377142857,0.10341726447619,0.0198534723095238,0.511460312166667,32.5322385087857,94.8915046226191,0.221629997952381,0.158567237357143,0.310580013238095,0.22692795447619,0.0811323436666667,1627.83258435714,1634.35763069048,0.00131101516666667,0.010209693452381,0.00135097878571429,19.7299800692857,19.706715157619,0.000646543952380952,0.00360497761904762,0.00460764497619048,0.00234201038095238,0.00928220361904762,-24.45578505,13.84635368,3.689989884,"K20131113-242"
"244","244","Core","Kambah Pool",4.490486e-06,2.517676e-05,0.0182062948,0.0004363026,0.0004066074,1.384502e-06,0.006595334,0.0008075536,0.999587562,5.123568e-08,6.28318e-08,4.063654e-08,1.272542e-06,3.0159e-06,0.0001642628,3.3682108e-07,5.445826e-07,6.522558e-07,3.15818288e-07,3.48274e-08,0.0025947714,0.0027093186,0,0,0,2.938752e-05,3.029702e-05,7.94876e-10,3.109624e-09,4.22334e-09,2.26894e-09,8.443192e-09,0.3110780284,2.716563543,4177.4392946,105.836898176,98.633638514,0.3728330026,1848.727494,315.12520028,399835.0248,0.022988674,0.0300171352,0.0206606014,0.66038465,1.6536511736,91.554083328,0.1973069456,0.345386791,0.4258035028,0.2197695802,0.0297082226,2269.1139802,2369.2849912,0,0,0,40.278453916,41.52501249,0.0011019786,0.0043486014,0.0060799014,0.0037876074,0.0174602276,-24.94239851,13.39545756,3.809864351,"K20131113-244"
"245","245","Core","Kambah Pool",4.15615664705882e-06,2.49408264705882e-05,0.0187622647058824,0.000469362117647059,0.000451267617647059,3.42076617647059e-06,0.00563374070588235,0.000644628147058824,1.05087797205882,1.39101794117647e-07,2.70399382352941e-07,1.26404505882353e-07,1.33545488235294e-06,5.49128885294118e-05,0.000175713911764706,5.89899823529412e-07,7.86777511764706e-07,5.58131294117647e-07,5.29686558823529e-07,9.45907823529412e-08,0.00214385326470588,0.00206669908823529,2.63391970588235e-09,8.72075e-09,9.33841176470588e-10,1.91431411764706e-05,1.90682882352941e-05,1.39438441176471e-09,8.01601176470588e-10,5.58733529411765e-09,3.61901941176471e-09,5.22098970588235e-09,0.287917380970588,2.69110488117647,4305.00672926471,113.856445027353,109.467135747353,0.921179459588235,1579.18481321765,251.548163358824,420351.188858824,0.0624127708235294,0.129180261088235,0.0642670422647059,0.693033101264706,30.1093611445,97.9364631888235,0.345558390588235,0.498992479205882,0.364357928235294,0.368594546205882,0.0806873222352941,1874.78835873529,1807.31746679412,0.00233715005882353,0.00938860958823529,0.0011348355,26.2375321552941,26.1349539926471,0.00193310670588235,0.00112098529411765,0.00804348797058823,0.00604136167647059,0.0107968371764706,-24.04436343,13.60840751,3.644974532,"K20131113-245"
"246","246","Core","Kambah Pool",3.66117858064516e-06,1.47220135483871e-05,0.0184060169677419,0.000305160806451613,0.000307243161290323,3.65944580645161e-06,0.00478725609677419,0.000886754064516129,1.01617454603226,1.15839912903226e-07,1.27024161290323e-07,3.83406129032258e-08,1.43846025806452e-06,2.57856225806452e-06,0.000173890161290323,4.981308e-07,4.8151404516129e-07,5.77010774193548e-07,7.97253419354839e-07,3.25189419354839e-08,0.00285133103225806,0.00288697416129032,4.13576290322581e-09,9.06134193548387e-09,3.72116451612903e-09,4.15473806451613e-05,4.06496838709677e-05,2.77378064516129e-10,4.48938258064516e-09,8.77261935483871e-09,7.88332258064516e-10,5.46060806451613e-09,0.253627895354839,1.58850020206452,4223.265593,74.0249781735484,74.5301264825806,0.985453685290323,1341.90808591935,346.031011358065,406469.818412903,0.0519755566129032,0.0606843175483871,0.0194932827741935,0.74648738583871,1.41385486251613,96.91996775,0.291800981645161,0.305387389967742,0.37668235816129,0.554787204645161,0.0277391330322581,2493.4739703871,2524.64369732258,0.00366977877419355,0.00975528180645161,0.00452207251612903,56.9447316483871,55.7143412545161,0.000384543516129032,0.00627810393548387,0.0126290027096774,0.0013159954516129,0.0112923550645161,-24.79587148,14.12310603,3.431245953,"K20131113-246"
"247","247","Core","Kambah Pool",4.44440524390244e-06,1.62488707317073e-05,0.0191394500243902,0.000604256707317073,0.000584769780487805,2.85058073170732e-06,0.00502756619512195,0.000671376804878049,1.02548866636585,1.04078807317073e-07,1.94197317073171e-07,8.44158146341463e-08,1.37042402439024e-06,5.74457173170732e-05,0.000203048243902439,3.31624226829268e-07,7.11884712195122e-07,6.32133731707317e-07,7.9757803902439e-07,8.78303897560976e-08,0.00198410356097561,0.00198151651219512,2.32790731707317e-09,4.48627073170732e-09,0,1.35533082926829e-05,1.35188090243902e-05,4.12070731707317e-10,2.22011756097561e-09,4.79881219512195e-09,2.99088536585366e-09,4.35382146341463e-09,0.307885824,1.75324687307317,4391.55200373171,146.578764160244,141.85167750122,0.767633896048781,1409.26903151976,261.986062141463,410195.466536585,0.0466985047073171,0.0927755406585366,0.0429189964878049,0.711180148585366,31.4981348102683,113.171584957805,0.194262769560976,0.451493712097561,0.41266777095122,0.555012827707317,0.0749206050487805,1735.08818502439,1732.82580826829,0.00206561795121951,0.00482984102439024,0,18.5761293782927,18.5288392373171,0.00057127456097561,0.00310468636585366,0.00690833648780488,0.00499278682926829,0.00900355446341463,-25.03329492,13.54669793,3.670383024,"K20131113-247"
"248","248","Core","Kambah Pool",2.45839817103448e-06,1.72099962068966e-05,0.0174963127586207,0.000326132103448276,0.000325185344827586,3.89555448275862e-06,0.00548040916551724,0.00145328520689655,1.01238904834483,8.64685103448276e-08,2.13671517241379e-07,4.45193655172414e-08,1.15260386206897e-06,1.40233634482759e-06,0.000184573310344828,4.77262055172414e-07,3.36053117241379e-07,3.59854517241379e-07,8.81705724137931e-07,1.54391248275862e-07,0.001236604,0.00123173951724138,2.20124e-09,2.20710344827586e-09,0,6.03527172413793e-06,6.17470448275862e-06,3.84958275862069e-10,1.88923206896552e-09,5.65154137931034e-09,7.45754068965517e-09,4.52285793103448e-09,0.170305308068966,1.85695091234483,4014.53371303448,79.1121548003448,78.8824789858621,1.0490353137931,1536.20471763452,567.103935996552,404955.619344828,0.0387970476896552,0.102079021206897,0.0226346927931034,0.598142598517241,0.768916541862069,102.874383302414,0.279576123482759,0.213132716655172,0.234919076275862,0.613555225758621,0.131697984827586,1081.40368932759,1077.14968686897,0.00195322355172414,0.00237612548275862,0,8.27192625306897,8.463032396,0.000533688068965517,0.00264196534482759,0.00813591882758621,0.0124491327241379,0.00935312365517241,-27.12027814,9.067427379,3.618981853,"K20131113-248"
"250","250","Core","Lanyon",3.89737761904762e-06,1.2791220047619e-05,0.0218424391190476,0.000207446833333333,0.000207992785714286,3.13029333333333e-06,0.00481331335714286,0.00181286807142857,1.01825379461905,1.42542969047619e-07,4.22908214285714e-07,6.35519928571429e-08,1.41958802380952e-06,6.41583242857143e-05,0.000180722071428571,4.55633892857143e-07,3.92956352380952e-07,4.27132333333333e-07,8.3908075952381e-07,3.73018614285714e-07,0.0021724985952381,0.00220518114285714,2.46084309523810e-09,8.48227857142857e-09,0,1.57647730952381e-05,1.52006785714286e-05,9.77112380952381e-10,1.50860952380952e-09,5.13541428571429e-09,1.58497142857143e-09,3.93390285714286e-09,0.26999036052381,1.38016761366667,5011.75358559524,50.321790455,50.4542777835714,0.842957733476191,1349.21215988095,707.421133021429,407301.51782381,0.0639567563809524,0.202039394285714,0.0323113303095238,0.736693867238095,35.1787329305714,100.727821739048,0.266906498333333,0.249222071690476,0.27883937297619,0.583893613404762,0.318190296738095,1899.83851804762,1928.41932002381,0.00218357571428571,0.00913187226190476,0,21.6071576035714,20.8340043992857,0.00135462230952381,0.00210968819047619,0.00739290469047619,0.00264584978571429,0.00813518285714286,-23.17163834,13.89262161,3.263672087,"L20131113-250"
"255","255","Core","Lanyon",2.64121542307692e-06,1.82307053846154e-05,0.0203744575384615,0.000147189307692308,0.000132787653846154,5.76767692307692e-07,0.00170489723076923,0.00178148588461538,0.989898641615385,1.78585700653846e-07,2.95441730769231e-07,5.35338223076923e-08,4.64125038461538e-07,1.03747153846154e-06,0.000170019423076923,6.25817626923077e-07,3.15620092307692e-07,2.39209107692308e-07,2.31115303846154e-07,3.92624077692308e-07,0.00309097530769231,0.00320199707692308,4.11092269230769e-09,7.57549615384615e-09,1.15885115384615e-08,6.29337692307692e-05,6.09778153846154e-05,1.54687230769231e-09,1.16474961538462e-09,3.84454230769231e-09,5.97977461538462e-09,1.25919538461538e-09,0.182969942692308,1.96708648857692,4674.92484753846,35.7047570873077,32.211227265,0.155317826,477.897002384615,695.175082265385,395959.456673077,0.0801285322307692,0.141143791846154,0.0272178643846154,0.240857262846154,0.568857345961538,94.7625193188462,0.366599008269231,0.200173623384615,0.156159898769231,0.160826909384615,0.334914133576923,2703.04157838462,2800.12958453846,0.00364773807692308,0.008155653,0.0140827055384615,86.2568522630769,83.5760358934615,0.00214451111538462,0.00162882430769231,0.00553456961538462,0.00998224646153846,0.00260397430769231,-24.43279165,13.41102977,3.398336804,"L20131113-255"
"256","256","Core","Lanyon",2.13807907142857e-06,1.90625217857143e-05,0.0219083125357143,0.000200244321428571,0.000189530035714286,1.59884035714286e-06,0.00193645592857143,0.0023354645,0.985864751607143,1.69790411535714e-07,3.95533675e-07,6.86964678571429e-08,1.10065767857143e-06,3.1606995e-05,0.000188391071428571,3.48854285714286e-07,3.51776839285714e-07,3.04758364285714e-07,3.47489275e-07,4.98886571428571e-07,0.0023319895,0.00243060246428571,1.65877607142857e-09,6.46617142857143e-09,4.66102e-09,2.43452642857143e-05,2.45166714285714e-05,6.72783214285714e-10,1.64434321428571e-09,5.73929285714286e-09,1.90773321428571e-09,3.46871214285714e-09,0.148115227857143,2.05683762032143,5026.86826842857,48.5746557842857,45.9756125614286,0.430552074428571,542.804862303571,911.349778578571,394345.900667857,0.076182287,0.18896168625,0.0349269084285714,0.571185289857143,17.3304733360714,105.002196886071,0.204355826035714,0.223105014964286,0.198951586535714,0.24180841,0.425557510571429,2039.31258310714,2125.54902614286,0.00147188035714286,0.00696137175,0.00566421103571429,33.3675592482143,33.6024935785714,0.0009327145,0.00229950525,0.00826225371428571,0.00318464807142857,0.00717318128571429,-23.94422674,13.76982579,3.325032034,"L20131113-256"
"260","260","Core","Kambah Pool",5.97855235294118e-07,1.36610790441176e-05,0.0178519133529412,0.000561801029411765,0.000561132647058824,1.81110911764706e-06,0.00157447319705882,0.00127914673529412,1.00152196673529,1.51794050294118e-07,3.6509045e-07,4.05960264705882e-08,7.93130617647059e-07,6.59540676470588e-05,0.000161251647058824,4.95349029411765e-07,2.30479851470588e-07,3.84225588235294e-07,3.43022008823529e-07,2.28704644117647e-07,0.00210992052941176,0.002162029,3.27457294117647e-09,2.86415882352941e-09,3.41090294117647e-09,1.50173558823529e-05,1.45816076470588e-05,8.90613529411765e-10,2.58025211764706e-09,5.66556764705882e-09,3.88395058823529e-09,4.85964941176471e-09,0.0414163716470588,1.47402496494118,4096.12636064706,136.280006835294,136.117864732353,0.487714414882353,441.338055808029,499.151271302941,400608.786708824,0.0681075870882353,0.174417662294118,0.0206399892941176,0.411594593558824,36.1633580995882,89.8756610808824,0.290171206823529,0.146175712735294,0.250829078941176,0.238699698617647,0.1950883535,1845.11438832353,1890.68303335294,0.00290562120588235,0.00308350220588235,0.00414503326470588,20.5827476329412,19.9855186755882,0.00123470320588235,0.00360830982352941,0.00815611270588235,0.00648361067647059,0.0100495971176471,-24.77716061,14.10285035,3.216837979,"K20131115-260"
"261","261","Core","Kambah Pool",1.76746721190476e-06,1.37170892857143e-05,0.0185534298333333,0.000513279738095238,0.00050925769047619,2.68680952380952e-06,0.00224821426190476,0.00134661769047619,1.01955332764286,1.28578259761905e-07,2.7695929047619e-07,5.43480928571429e-08,9.66114657142857e-07,6.411345e-05,0.000179187619047619,3.02824119047619e-07,4.11468092857143e-07,2.46403e-07,3.82697488095238e-07,2.061685e-07,0.00226009185714286,0.00232423935714286,4.26164309523809e-09,6.44289047619048e-09,2.41357619047619e-09,2.82092261904762e-05,2.97457666666667e-05,6.88414523809524e-10,9.48224095238095e-10,4.55673333333333e-09,2.95342738095238e-09,2.57744166666667e-09,0.122441190452381,1.48006863733333,4257.08950678571,124.509832583571,123.534184435,0.723531938357143,630.193350287143,525.479922052381,407821.331038095,0.0576910278333333,0.132313996404762,0.0276318530714286,0.501364093619048,35.1541377063333,99.8725667397619,0.177391903142857,0.260962682833333,0.160856095428571,0.26630907447619,0.175864751142857,1976.43841211905,2032.53509133333,0.00378147528571429,0.00693630442857143,0.00293305085714286,38.6634921192857,40.7694643778571,0.000954384261904762,0.001326029,0.00655983961904762,0.00493025747619048,0.00533006316666667,-24.11155721,13.60528394,3.348412627,"K20131115-261"
"263","263","Core","Nerreman",8.38981363636364e-07,1.07023054545455e-05,0.0179767136818182,0.000385199954545455,0.000380389772727273,9.92728636363636e-07,0.00229275404090909,0.00190549386363636,1.02167592713636,1.29916942727273e-07,3.38256831818182e-07,2.96609727272727e-08,1.12610737272727e-06,7.69369122727273e-05,0.000162959090909091,3.88167231818182e-07,3.07217970909091e-07,2.32374909090909e-07,1.12548545454545e-07,4.61974155863636e-07,0.00201259440909091,0.00202895409090909,6.33384545454545e-10,6.36630454545455e-09,6.31995454545455e-10,1.35930136363636e-05,1.36262409090909e-05,1.44512454545455e-09,5.61125409090909e-10,5.85575454545455e-09,2.99344272727273e-09,1.00741636363636e-09,0.0581203850909091,1.15477346495455,4124.76184504545,93.4406272509091,92.2737936531818,0.267332734409091,642.678204267273,743.565780927273,408670.370877273,0.0582916733636364,0.161598218954545,0.0150803301363636,0.584392283590909,42.1853966891818,90.8273882418182,0.227385224,0.194844916,0.151698283590909,0.0783195009090909,0.394070777909091,1760.003249,1774.30966218182,0.000562019727272727,0.00685384572727273,0.000768017954545455,18.6305432627273,18.6760953504545,0.00200345031818182,0.000784696181818182,0.00842990304545455,0.00499706131818182,0.00208330463636364,-22.95822092,13.57007984,3.274975948,"N20131118-263"
"264","264","Core","Nerreman",1.77324024390244e-06,8.64377843902439e-06,0.0196797436829268,0.000482857097560976,0.000468576317073171,2.40736731707317e-06,0.00342512235121951,0.00201962936585366,1.03280812482927,1.44698614878049e-07,4.36545265853659e-07,9.11887707317073e-08,9.27626e-07,2.53417226829268e-05,0.000195548073170732,4.64949609756098e-07,5.54837982926829e-07,4.52455609756098e-07,6.00714429268293e-07,4.23581559756098e-07,0.00225084653658537,0.00236032656097561,3.73575268292683e-09,4.59950975609756e-09,1.17876585365854e-09,2.19102853658537e-05,2.15057048780488e-05,1.2443743902439e-09,1.63690607317073e-09,8.36302682926829e-09,2.39211097560976e-09,3.02990365853659e-09,0.122841065390244,0.932660357268293,4515.52253634146,117.130025459268,113.665837201707,0.648280347804878,960.090574439268,788.103946004878,413123.24994878,0.0649239564634146,0.208554561121951,0.0463625026097561,0.481390648780488,13.895153321878,108.991276270976,0.272363608609756,0.351891130365854,0.295370868731707,0.418021007341463,0.361321313219512,1968.35345207317,2064.0932192439,0.00331483797560976,0.00495175107317073,0.00143247163414634,30.0301699890244,29.4756571139024,0.00172514,0.00228910251219512,0.0120393595609756,0.00399323051219512,0.00626574197560976,-24.38152766,13.30270684,3.235142484,"N20131118-264"
"268","268","Core","Tharwa Sandwash",1.12384795652174e-06,1.60919260869565e-05,0.0194097210434783,0.000198058565217391,0.000193654565217391,2.40809043478261e-06,0.0032102227826087,0.00172642995652174,0.968965045782609,1.56989852173913e-07,2.35946534782609e-07,6.91018652173913e-08,9.27700956521739e-07,1.35438191304348e-05,0.000169623782608696,4.09739334782609e-07,2.46467413043478e-07,2.74498434782609e-07,3.41019317391304e-07,4.84701217391304e-07,0.00216450543478261,0.00215123926086957,3.4136952173913e-09,6.64980869565217e-09,1.43887652173913e-09,1.7252452173913e-05,1.77435652173913e-05,8.89208260869565e-10,1.58370134782609e-09,1.60720434782609e-09,2.91710652173913e-09,5.06473086956522e-09,0.0778544285652174,1.73631254282609,4453.56577808696,48.0444416369565,46.9761350778261,0.648475261869565,899.852388612609,673.691069921739,387586.0183,0.0704388471304348,0.112720749347826,0.0351330305652174,0.481429653347826,7.42622887386957,94.5420548991304,0.240021980695652,0.156315396956522,0.179197321956522,0.237306085391304,0.413457183,1892.84855495652,1881.24748730435,0.00302906882608696,0.00715906791304348,0.00174856626086957,23.6461631265217,24.3192802982609,0.00123275434782609,0.00221470060869565,0.00231372017391304,0.00486962643478261,0.0104737003043478,-24.32181004,13.17941191,3.393567883,"T20131119-268"
"270","270","Core","Kambah Pool",1.53849232142857e-06,1.75653017857143e-05,0.0174290657142857,0.000487676,0.000487842892857143,3.71699785714286e-06,0.00436377092857143,0.00188923275,0.972949433535714,1.37276467857143e-07,4.58129310714286e-07,8.13716428571429e-08,1.36327742857143e-06,1.54728267857143e-05,0.000190238107142857,4.50271453571429e-07,6.55295e-07,1.53886339285714e-06,5.00819392857143e-07,4.80852892857143e-07,0.00159668817857143,0.00164849867857143,2.58166142857143e-09,2.22573928571429e-09,8.40660714285714e-10,1.06702864285714e-05,1.01608671428571e-05,1.07982928571429e-09,4.34521203571429e-10,6.45544642857143e-09,2.506375e-09,6.8026575e-09,0.106578911107143,1.89528918064286,3999.10387496429,118.298973608214,118.339449038214,1.000952261,1223.20164993214,737.220297135714,389179.773410714,0.0615937693571429,0.218866045285714,0.0413712642857143,0.70747137225,8.48392994367857,106.031692079286,0.263765226214286,0.415603212964286,1.00459639882143,0.348506639678571,0.41017483175,1396.29542279286,1441.60340075714,0.00229078046428571,0.00239619382142857,0.00102159717857143,14.6246628541429,13.9264652156071,0.00149702321428571,0.0006076488,0.00929321917857143,0.00418397803571429,0.0140676828571429,-24.08618046,15.10245426,3.347387691,"K20131119-270"
"271","271","Core","Kambah Pool",5.0650966e-06,1.46962664e-05,0.0186127946,0.00024029788,0.00023231944,1.3682708e-06,0.00110280028,0.00223090844,1.00494139096,1.00480604e-07,3.13127824e-07,6.2390508e-08,6.8145452e-07,3.60626372e-05,0.000139541604,5.5726484e-07,4.01227076e-07,3.5813852e-07,1.5456272e-07,5.23218688e-07,0.00182893132,0.00180241936,3.119174e-09,9.032736e-09,2.61569136e-08,1.08825684e-05,1.01286436e-05,1.0123572e-09,1.3662272e-09,7.265896e-09,2.9369556e-09,2.4502196e-09,0.35088413056,1.58572168264,4270.71077244,58.2907415592,56.355346964,0.36846205336,309.1241778796,870.54967668,401976.5564,0.0450840414,0.14959332872,0.03172081668,0.3536399638,19.77356280436,77.7752934836,0.32644128344,0.25446760532,0.23379888168,0.10755605724,0.44631311356,1599.39092948,1576.20629668,0.00276772952,0.00972448676,0.03178667964,14.9156181768,13.882298566,0.0014034808,0.00191057736,0.01045992384,0.00490275292,0.00506697236,-24.0541322,15.18696151,3.338892023,"K20131119-271"
"272","272","Core","Kambah Pool",3.78362631578947e-06,1.34699757894737e-05,0.0185073488947368,0.000242505263157895,0.000229794,2.63041842105263e-06,0.00194530242105263,0.00204284652631579,1.03005513005263,1.63934431578947e-07,2.51867036842105e-07,8.81868684210526e-08,6.26663694736842e-07,3.586343e-05,0.000155161894736842,8.2577e-07,4.65679042105263e-07,4.00173315789474e-07,2.827763e-07,2.69499495263158e-07,0.00226014652631579,0.00220350147368421,1.79954684210526e-09,3.98825263157895e-09,1.21557015789474e-08,2.05779789473684e-05,2.17219789473684e-05,9.76283157894737e-10,1.47380789473684e-09,8.15302105263158e-09,1.69793157894737e-09,6.74280894736842e-09,0.262110553526316,1.45340543252632,4246.51620678947,58.8261968142105,55.742745661579,0.708346000421053,545.2846194,797.16378098421,412022.052021053,0.0735548244736842,0.120326464789474,0.0448362603157895,0.325206722,19.6643164204737,86.4815803094737,0.483729414947368,0.295344468,0.261239855631579,0.196776376157895,0.229886989157895,1976.48620878947,1926.95045242105,0.00159678884210526,0.00429368484210526,0.0147719785789474,28.2041114984211,29.7720893526316,0.00135347136842105,0.00206102105263158,0.011737029,0.00283441026315789,0.0139439118947368,-24.48818131,13.30495072,3.263850816,"K20131119-272"
"273","273","Core","Kambah Pool",4.04195988305556e-06,8.23817636111111e-06,0.0184378450555556,0.000149619055555556,0.000131635808333333,1.88184722222222e-06,0.00260335958333333,0.00173005633333333,1.02354462905556,1.31176875e-07,3.67837455555556e-07,5.08510305555556e-08,1.46817391666667e-06,1.10597872777778e-06,0.000158654722222222,5.07670972222222e-07,3.31804222222222e-07,3.75176638888889e-07,4.64282383333333e-07,3.36797274722222e-07,0.00300891722222222,0.00294853491666667,4.4424625e-09,1.19603861111111e-08,4.98088194444444e-09,4.84349694444444e-05,4.65464444444444e-05,7.53969722222222e-10,1.75030638888889e-09,6.52668055555556e-09,2.63324166666667e-09,8.13502027777778e-09,0.280006471444444,0.888895944027778,4230.56855747222,36.2941571811111,31.9317923125,0.506763274722222,729.743571611111,675.106170388889,409417.851622222,0.0588569740833333,0.175730113944444,0.0258538656388889,0.761907520638889,0.606420760361111,88.4283045586111,0.297389526583333,0.210437892166667,0.244921770305556,0.323081678833333,0.287292974166667,2631.28219627778,2578.47826425,0.00394192241666667,0.0128763473611111,0.00605291558333333,66.3848415236111,63.7964240158333,0.00104526733333333,0.00244768666666667,0.00939575597222222,0.00439576680555556,0.0168229556111111,-23.75730573,14.00696556,3.327301466,"K20131119-273"
"274","274","Core","Kambah Pool",5.02933955263158e-06,9.86699657894737e-06,0.0178664097631579,0.000484508394736842,0.000475450815789474,3.14526526315789e-06,0.00326672078947368,0.00163929047368421,1.02784557315789,1.49193105263158e-07,3.83863763157895e-07,8.02651394736842e-08,8.81881052631579e-07,1.26793855263158e-05,0.000167180026315789,4.55506973684211e-07,4.74149786842105e-07,6.71798105263158e-07,5.75238928947368e-07,2.16434507894737e-07,0.00162887052631579,0.00169112607894737,3.8751397368421e-09,1.00189736842105e-08,2.29851255263158e-09,1.14298305263158e-05,1.14986115789474e-05,1.36584736842105e-10,2.65348447368421e-09,4.46912105263158e-09,1.43361447368421e-09,4.20318789473684e-09,0.348407084657895,1.06464483852632,4099.4525676579,117.530576093684,115.333435332895,0.846989764421053,915.689278224474,639.687348207895,411138.229273684,0.0669405649210526,0.183386528184211,0.0408086978684211,0.457651074552632,6.95224799223684,93.1800057155263,0.266832269157895,0.300716706210526,0.438561285894737,0.400293293868421,0.184621777289474,1424.43867615789,1478.88081965263,0.00343852055263158,0.0107862558684211,0.00279322113157895,15.6656848215789,15.7599733419737,0.000189354657894737,0.00371071984210526,0.00643371607894737,0.00239318028947368,0.00869205784210526,-24.0682903,15.12429252,3.286225214,"K20131119-274"
"275","275","Core","Kambah Pool",4.3557958e-06,1.45123532e-05,0.01958644012,0.00025041672,0.00025634176,2.3155628e-06,0.00301556908,0.0020815682,1.02438512784,1.42008164e-07,1.74569884e-07,5.9303712e-08,9.1132228e-07,3.44488014e-05,0.000157241852,5.1718464e-07,4.44652304e-07,5.8703628e-07,5.044403004e-07,4.51187236e-07,0.00182932264,0.00180687088,4.3416784e-09,1.7822524e-08,9.147604e-09,1.2395984e-05,1.26821588e-05,6.46038e-10,9.815428e-10,6.667312e-09,2.267904e-09,6.5971744e-09,0.30174730936,1.56587612504,4494.11399836,60.7453159456,62.182604526,0.62355884068,845.2893733908,812.273872212,409754.05116,0.06371682368,0.08339872736,0.03015137492,0.47292999696,18.88865120236,87.6408316868,0.30296258432,0.282008817,0.38322734208,0.35102649204,0.38486916356,1599.7329418,1580.09915136,0.00385249628,0.01918741884,0.01111645084,16.9899001912,17.382120786,0.00089563828,0.00137262184,0.00959821824,0.003785893,0.01364274636,-24.76437621,13.62900452,3.215710156,"K20131120-275"
"276","276","Core","Kambah Pool",5.45942130769231e-06,1.43045823076923e-05,0.0190743742307692,0.000367462153846154,0.000362646461538462,2.15822230769231e-06,0.00411814414615385,0.00195823261538462,1.02366391446154,1.40964153846154e-07,3.61587476923077e-07,6.78186615384615e-08,1.01053846153846e-06,0.000107892707692308,0.000164079538461538,4.23499692307692e-07,1.48950346153846e-07,7.68839692307692e-07,3.49169384615385e-07,2.46220707692308e-07,0.00150757992307692,0.00144205361538462,4.48850846153846e-09,7.39196153846154e-09,6.44503846153846e-09,7.71686307692308e-06,7.12153461538462e-06,2.26002692307692e-09,4.76057923076923e-09,1.14023538461538e-08,4.68518461538462e-09,4.05064538461538e-09,0.378200794384615,1.54345807938462,4376.62036176923,89.13784942,87.9696882676923,0.581188533,1154.35037270077,764.145551638461,409465.565784615,0.0632484113076923,0.172743993,0.0344806499230769,0.524418184461538,59.1588256100769,91.45190566,0.248082401,0.094467732,0.501911779076923,0.242977389230769,0.210029888307692,1318.37085284615,1261.06835092308,0.00398277907692308,0.00795805876923077,0.00783220469230769,10.5767110210769,9.760755119,0.00313318884615385,0.00665735584615385,0.0164147434615385,0.00782114653846154,0.00837660715384615,-24.72028203,13.62591909,3.329576972,"K20131120-276"
"277","277","Core","Kambah Pool",5.1209409375e-06,1.4121611875e-05,0.01917749715625,0.00027446475,0.000267359875,3.06438e-06,0.005482538375,0.00197968309375,1.074302970125,1.27677721875e-07,2.33977465625e-07,8.409575e-08,1.0011449375e-06,3.2638595e-05,0.00017352146875,4.5497625e-07,6.18253984375e-07,5.3981909375e-07,6.15371034375e-07,3.3649515875e-07,0.0014752509375,0.0014790313125,1.98496625e-09,8.026975e-09,3.179690625e-09,9.461464375e-06,8.305178125e-06,1.1971678125e-09,1.278654375e-09,4.349975e-09,3.8721221875e-09,1.905868125e-09,0.35475271940625,1.52371605040625,4400.28195784375,66.5788133628125,64.855350573125,0.82520771228125,1536.80155021469,772.516038446875,429721.188025,0.05728696375,0.11178001646875,0.0427562434375,0.5195431241875,17.8961184252187,96.714494315,0.2665212794375,0.3921110280625,0.3524030471875,0.42822027921875,0.2870353969375,1290.09909830625,1293.40509840625,0.00176131678125,0.0086417029375,0.00386405690625,12.967857886125,11.3830523675625,0.001659695375,0.00178811246875,0.00626219303125,0.00646387078125,0.00394127546875,-23.90855046,15.30738958,3.375742358,"K20131120-277"
"278","278","Core","Kambah Pool",6.67538672e-06,1.97633632e-05,0.01862985448,0.00019360796,0.00018223796,3.1521244e-06,0.00393949224,0.0030140738,1.00680059268,1.22408584e-07,2.80556604e-07,6.8276536e-08,8.4804788e-07,8.2052188e-06,0.0001772204,3.9502324e-07,6.82086984e-07,7.811132e-07,7.9552744e-07,6.2742864e-07,0.00221925964,0.00219764104,5.577166e-09,1.89486e-09,2.777528e-09,2.0691428e-05,2.0920364e-05,1.927888e-10,1.3725644e-09,7.92928e-09,1.878828e-09,4.1688744e-09,0.46243685784,2.13245976892,4274.62519556,46.9648470704,44.2067612412,0.84883610956,1104.272765792,1176.15810682,402720.23708,0.05492280816,0.13403264388,0.03471339992,0.44009370456,4.49901517316,98.776149662,0.23140132812,0.43259552324,0.50992394624,0.55358607016,0.53520579904,1940.73090432,1921.82552092,0.00494877788,0.00203997156,0.003375339,28.359606568,28.6733914996,0.00026727288,0.001919442,0.01141493448,0.00313639848,0.00862109684,-23.91441475,15.26099724,3.19738904,"K20131120-278"
"280","280","Core","Tharwa Sandwash",4.94304336842105e-06,1.75529515789474e-05,0.0190997374736842,0.000581336421052632,0.000573533947368421,1.55016210526316e-06,0.00460223826315789,0.00160571310526316,1.00820778647368,1.35233931578947e-07,3.22606505263158e-07,1.06250657894737e-07,6.84291578947368e-07,2.29952163157895e-05,0.000148546473684211,2.83750157894737e-07,8.56437652631579e-07,4.28049052631579e-07,2.70795131578947e-07,9.27556894736842e-08,0.00139594394736842,0.00136537842105263,1.66541842105263e-09,1.26585105263158e-08,1.82263684210526e-09,7.09225789473684e-06,6.51283578947368e-06,1.71173526315789e-09,2.13348157894737e-09,2.4222947368421e-09,3.39073263157895e-09,3.85091421052632e-09,0.342428896421053,1.89395659931579,4382.43995294737,141.018835973684,139.126131489474,0.417443427736842,1290.04603298421,626.58468441579,403283.114642105,0.0606773347894737,0.154121613526316,0.0540203494736842,0.355112474052632,12.6085400851579,82.7943967157895,0.166218515157895,0.543172742894737,0.279437592947368,0.188439090578947,0.0791219842105263,1220.74566873684,1194.01622726316,0.00147777231578947,0.0136279470526316,0.00221492031578947,9.72062875057895,8.92647492157895,0.00237306510526316,0.00298353089473684,0.00348712063157895,0.00566027505263158,0.00796356436842105,-24.3016445,12.84945281,3.355453945,"T20131121-280"
